25.19;10-30;10-50;*
27.32;10-30;10-50;*
23.45;10-30;10-50;*
20.14;10-30;10-50;*
19.31;10-30;10-50;*
23.86;10-30;10-50;*
33.64;30-50;10-50;*
54.7;50-70;50-90;*
36.05;30-50;10-50;*
25.69;10-30;10-50;*
30.36;30-50;10-50;*
24.48;10-30;10-50;*
25.72;10-30;10-50;*
36.38;30-50;10-50;*
18.8;10-30;10-50;*
21.24;10-30;10-50;*
27.94;10-30;10-50;*
13.99;10-30;10-50;*
33.76;30-50;10-50;*
27.85;10-30;10-50;*
26.47;10-30;10-50;*
26.08;10-30;10-50;*
31.75;30-50;10-50;*
25.15;10-30;10-50;*
22.01;10-30;10-50;*
22.19;10-30;10-50;*
23.55;10-30;10-50;*
15.1;10-30;10-50;*
21.76;10-30;10-50;*
21.22;10-30;10-50;*
56.43;50-70;50-90;*
25.91;10-30;10-50;*
32.02;30-50;10-50;*
29.3;10-30;10-50;*
24.93;10-30;10-50;*
19.95;10-30;10-50;*
18.03;10-30;10-50;*
28.27;10-30;10-50;*
19.27;10-30;10-50;*
28.12;10-30;10-50;*
23.05;10-30;10-50;*
37.16;30-50;10-50;*
23.35;10-30;10-50;*
24.41;10-30;10-50;*
63.48;50-70;50-90;*
27.86;10-30;10-50;*
26.1;10-30;10-50;*
30.22;30-50;10-50;*
23.11;10-30;10-50;*
28.16;10-30;10-50;*
26.78;10-30;10-50;*
23.04;10-30;10-50;*
15.94;10-30;10-50;*
15.8;10-30;10-50;*
27.01;10-30;10-50;*
27.45;10-30;10-50;*
17.98;10-30;10-50;*
26.45;10-30;10-50;*
31.16;30-50;10-50;*
24.42;10-30;10-50;*
30.5;30-50;10-50;*
26.37;10-30;10-50;*
31.86;30-50;10-50;*
21.25;10-30;10-50;*
30.95;30-50;10-50;*
31.19;30-50;10-50;*
32.27;30-50;10-50;*
22.42;10-30;10-50;*
16.39;10-30;10-50;*
17.46;10-30;10-50;*
37.35;30-50;10-50;*
32.85;30-50;10-50;*
55.61;50-70;50-90;*
50.13;50-70;50-90;*
18.6;10-30;10-50;*
24.18;10-30;10-50;*
37.26;30-50;10-50;*
19.39;10-30;10-50;*
31.21;30-50;10-50;*
21.12;10-30;10-50;*
27.14;10-30;10-50;*
20.6;10-30;10-50;*
34.2;30-50;10-50;*
27.63;10-30;10-50;*
20.3;10-30;10-50;*
18.67;10-30;10-50;*
20.9;10-30;10-50;*
20.41;10-30;10-50;*
16.76;10-30;10-50;*
15.06;10-30;10-50;*
31.7;30-50;10-50;*
28.73;10-30;10-50;*
25.18;10-30;10-50;*
25.77;10-30;10-50;*
36.53;30-50;10-50;*
27.59;10-30;10-50;*
26.79;10-30;10-50;*
35.55;30-50;10-50;*
22.06;10-30;10-50;*
36.49;30-50;10-50;*
27.8;10-30;10-50;*
23.76;10-30;10-50;*
44.06;30-50;10-50;*
21.97;10-30;10-50;*
29.4;10-30;10-50;*
20.16;10-30;10-50;*
30.8;30-50;10-50;*
24.0;10-30;10-50;*
22.95;10-30;10-50;*
33.22;30-50;10-50;*
27.93;10-30;10-50;*
29.6;10-30;10-50;*
14.43;10-30;10-50;*
26.72;10-30;10-50;*
41.24;30-50;10-50;*
34.87;30-50;10-50;*
23.96;10-30;10-50;*
36.27;30-50;10-50;*
29.06;10-30;10-50;*
30.85;30-50;10-50;*
17.61;10-30;10-50;*
27.7;10-30;10-50;*
19.21;10-30;10-50;*
22.34;10-30;10-50;*
29.59;10-30;10-50;*
35.44;30-50;10-50;*
39.36;30-50;10-50;*
27.39;10-30;10-50;*
31.9;30-50;10-50;*
26.61;10-30;10-50;*
23.08;10-30;10-50;*
25.84;10-30;10-50;*
25.8;10-30;10-50;*
26.02;10-30;10-50;*
23.56;10-30;10-50;*
24.65;10-30;10-50;*
25.11;10-30;10-50;*
30.37;30-50;10-50;*
21.54;10-30;10-50;*
40.9;30-50;10-50;*
26.7;10-30;10-50;*
42.24;30-50;10-50;*
23.93;10-30;10-50;*
15.48;10-30;10-50;*
26.71;10-30;10-50;*
28.25;10-30;10-50;*
30.68;30-50;10-50;*
36.96;30-50;10-50;*
23.59;10-30;10-50;*
32.81;30-50;10-50;*
35.15;30-50;10-50;*
29.41;10-30;10-50;*
22.17;10-30;10-50;*
27.5;10-30;10-50;*
29.95;10-30;10-50;*
26.57;10-30;10-50;*
21.78;10-30;10-50;*
20.89;10-30;10-50;*
16.85;10-30;10-50;*
13.79;10-30;10-50;*
26.04;10-30;10-50;*
34.31;30-50;10-50;*
28.22;10-30;10-50;*
36.73;30-50;10-50;*
32.92;30-50;10-50;*
21.46;10-30;10-50;*
29.28;10-30;10-50;*
17.09;10-30;10-50;*
25.31;10-30;10-50;*
28.89;10-30;10-50;*
31.2;30-50;10-50;*
17.49;10-30;10-50;*
27.77;10-30;10-50;*
32.31;30-50;10-50;*
15.57;10-30;10-50;*
20.38;10-30;10-50;*
22.35;10-30;10-50;*
29.34;10-30;10-50;*
24.88;10-30;10-50;*
20.56;10-30;10-50;*
35.06;30-50;10-50;*
22.3;10-30;10-50;*
23.49;10-30;10-50;*
38.08;30-50;10-50;*
23.25;10-30;10-50;*
18.2;10-30;10-50;*
13.57;10-30;10-50;*
29.25;10-30;10-50;*
24.36;10-30;10-50;*
12.15;10-30;10-50;*
30.05;30-50;10-50;*
15.29;10-30;10-50;*
26.96;10-30;10-50;*
22.29;10-30;10-50;*
39.3;30-50;10-50;*
32.62;30-50;10-50;*
24.29;10-30;10-50;*
24.19;10-30;10-50;*
27.4;10-30;10-50;*
21.06;10-30;10-50;*
25.29;10-30;10-50;*
21.83;10-30;10-50;*
33.83;30-50;10-50;*
32.6;30-50;10-50;*
24.3;10-30;10-50;*
23.71;10-30;10-50;*
19.6;10-30;10-50;*
19.0;10-30;10-50;*
20.53;10-30;10-50;*
20.19;10-30;10-50;*
27.07;10-30;10-50;*
30.55;30-50;10-50;*
14.69;10-30;10-50;*
24.81;10-30;10-50;*
20.91;10-30;10-50;*
27.25;10-30;10-50;*
36.54;30-50;10-50;*
21.3;10-30;10-50;*
25.25;10-30;10-50;*
23.75;10-30;10-50;*
26.4;10-30;10-50;*
33.36;30-50;10-50;*
35.35;30-50;10-50;*
21.43;10-30;10-50;*
29.49;10-30;10-50;*
20.08;10-30;10-50;*
20.67;10-30;10-50;*
39.46;30-50;10-50;*
36.18;30-50;10-50;*
43.14;30-50;10-50;*
21.66;10-30;10-50;*
27.82;10-30;10-50;*
16.96;10-30;10-50;*
35.49;30-50;10-50;*
15.7;10-30;10-50;*
17.47;10-30;10-50;*
23.88;10-30;10-50;*
26.35;10-30;10-50;*
19.9;10-30;10-50;*
37.59;30-50;10-50;*
25.4;10-30;10-50;*
30.41;30-50;10-50;*
37.07;30-50;10-50;*
22.48;10-30;10-50;*
24.62;10-30;10-50;*
31.88;30-50;10-50;*
50.3;50-70;50-90;*
44.0;30-50;10-50;*
25.21;10-30;10-50;*
27.09;10-30;10-50;*
35.24;30-50;10-50;*
35.13;30-50;10-50;*
14.9;10-30;10-50;*
26.07;10-30;10-50;*
23.9;10-30;10-50;*
24.78;10-30;10-50;*
30.71;30-50;10-50;*
32.37;30-50;10-50;*
24.34;10-30;10-50;*
26.39;10-30;10-50;*
25.46;10-30;10-50;*
29.2;10-30;10-50;*
28.37;10-30;10-50;*
26.62;10-30;10-50;*
39.29;30-50;10-50;*
48.02;30-50;10-50;*
32.2;30-50;10-50;*
51.76;50-70;50-90;*
22.6;10-30;10-50;*
15.65;10-30;10-50;*
24.03;10-30;10-50;*
32.61;30-50;10-50;*
36.3;30-50;10-50;*
17.1;10-30;10-50;*
19.47;10-30;10-50;*
31.57;30-50;10-50;*
25.41;10-30;10-50;*
22.43;10-30;10-50;*
20.98;10-30;10-50;*
14.35;10-30;10-50;*
17.13;10-30;10-50;*
24.02;10-30;10-50;*
33.26;30-50;10-50;*
17.68;10-30;10-50;*
26.25;10-30;10-50;*
16.59;10-30;10-50;*
20.12;10-30;10-50;*
31.28;30-50;10-50;*
26.32;10-30;10-50;*
37.8;30-50;10-50;*
37.5;30-50;10-50;*
29.08;10-30;10-50;*
38.64;30-50;10-50;*
25.23;10-30;10-50;*
38.14;30-50;10-50;*
40.31;30-50;10-50;*
22.73;10-30;10-50;*
45.99;30-50;10-50;*
16.02;10-30;10-50;*
24.56;10-30;10-50;*
22.83;10-30;10-50;*
21.04;10-30;10-50;*
22.66;10-30;10-50;*
40.02;30-50;10-50;*
33.19;30-50;10-50;*
15.9;10-30;10-50;*
24.22;10-30;10-50;*
22.94;10-30;10-50;*
26.97;10-30;10-50;*
30.83;30-50;10-50;*
21.88;10-30;10-50;*
22.4;10-30;10-50;*
18.56;10-30;10-50;*
25.97;10-30;10-50;*
43.42;30-50;10-50;*
17.11;10-30;10-50;*
26.53;10-30;10-50;*
31.53;30-50;10-50;*
23.44;10-30;10-50;*
28.49;10-30;10-50;*
31.79;30-50;10-50;*
21.05;10-30;10-50;*
25.68;10-30;10-50;*
18.27;10-30;10-50;*
21.29;10-30;10-50;*
17.97;10-30;10-50;*
30.73;30-50;10-50;*
36.12;30-50;10-50;*
35.91;30-50;10-50;*
21.52;10-30;10-50;*
23.65;10-30;10-50;*
37.24;30-50;10-50;*
28.66;10-30;10-50;*
25.37;10-30;10-50;*
14.0;10-30;10-50;*
22.38;10-30;10-50;*
16.53;10-30;10-50;*
24.1;10-30;10-50;*
19.15;10-30;10-50;*
19.7;10-30;10-50;*
23.15;10-30;10-50;*
26.87;10-30;10-50;*
15.78;10-30;10-50;*
23.91;10-30;10-50;*
36.17;30-50;10-50;*
29.93;10-30;10-50;*
28.82;10-30;10-50;*
15.64;10-30;10-50;*
33.2;30-50;10-50;*
31.12;30-50;10-50;*
46.12;30-50;10-50;*
22.53;10-30;10-50;*
26.88;10-30;10-50;*
18.22;10-30;10-50;*
22.18;10-30;10-50;*
19.82;10-30;10-50;*
15.74;10-30;10-50;*
32.19;30-50;10-50;*
28.59;10-30;10-50;*
33.95;30-50;10-50;*
29.44;10-30;10-50;*
28.35;10-30;10-50;*
36.47;30-50;10-50;*
22.57;10-30;10-50;*
16.55;10-30;10-50;*
21.2;10-30;10-50;*
14.73;10-30;10-50;*
41.01;30-50;10-50;*
32.18;30-50;10-50;*
34.3;30-50;10-50;*
26.27;10-30;10-50;*
36.93;30-50;10-50;*
31.84;30-50;10-50;*
24.55;10-30;10-50;*
20.93;10-30;10-50;*
27.12;10-30;10-50;*
25.67;10-30;10-50;*
30.12;30-50;10-50;*
24.77;10-30;10-50;*
40.59;30-50;10-50;*
25.48;10-30;10-50;*
16.34;10-30;10-50;*
18.48;10-30;10-50;*
21.7;10-30;10-50;*
21.15;10-30;10-50;*
20.28;10-30;10-50;*
26.93;10-30;10-50;*
24.4;10-30;10-50;*
15.69;10-30;10-50;*
25.44;10-30;10-50;*
36.8;30-50;10-50;*
31.85;30-50;10-50;*
32.88;30-50;10-50;*
24.21;10-30;10-50;*
36.11;30-50;10-50;*
69.37;50-70;50-90;*
39.17;30-50;10-50;*
16.73;10-30;10-50;*
37.78;30-50;10-50;*
27.89;10-30;10-50;*
22.55;10-30;10-50;*
36.74;30-50;10-50;*
26.46;10-30;10-50;*
29.22;10-30;10-50;*
31.01;30-50;10-50;*
14.79;10-30;10-50;*
15.44;10-30;10-50;*
23.24;10-30;10-50;*
35.07;30-50;10-50;*
25.42;10-30;10-50;*
22.46;10-30;10-50;*
28.34;10-30;10-50;*
19.57;10-30;10-50;*
21.85;10-30;10-50;*
20.18;10-30;10-50;*
17.08;10-30;10-50;*
24.15;10-30;10-50;*
34.52;30-50;10-50;*
41.65;30-50;10-50;*
22.51;10-30;10-50;*
23.47;10-30;10-50;*
16.5;10-30;10-50;*
22.39;10-30;10-50;*
27.04;10-30;10-50;*
31.17;30-50;10-50;*
17.64;10-30;10-50;*
43.79;30-50;10-50;*
20.59;10-30;10-50;*
36.31;30-50;10-50;*
48.2;30-50;10-50;*
20.8;10-30;10-50;*
60.26;50-70;50-90;*
19.52;10-30;10-50;*
27.22;10-30;10-50;*
40.86;30-50;10-50;*
16.21;10-30;10-50;*
37.2;30-50;10-50;*
33.04;30-50;10-50;*
22.84;10-30;10-50;*
17.3;10-30;10-50;*
19.14;10-30;10-50;*
20.24;10-30;10-50;*
29.98;10-30;10-50;*
25.9;10-30;10-50;*
27.83;10-30;10-50;*
18.97;10-30;10-50;*
35.63;30-50;10-50;*
24.35;10-30;10-50;*
35.56;30-50;10-50;*
22.32;10-30;10-50;*
35.75;30-50;10-50;*
18.78;10-30;10-50;*
44.38;30-50;10-50;*
29.54;10-30;10-50;*
42.57;30-50;10-50;*
31.99;30-50;10-50;*
25.52;10-30;10-50;*
38.5;30-50;10-50;*
25.34;10-30;10-50;*
31.72;30-50;10-50;*
29.02;10-30;10-50;*
21.03;10-30;10-50;*
28.94;10-30;10-50;*
30.38;30-50;10-50;*
37.3;30-50;10-50;*
43.41;30-50;10-50;*
24.89;10-30;10-50;*
16.77;10-30;10-50;*
10.3;10-30;10-50;*
34.24;30-50;10-50;*
23.48;10-30;10-50;*
23.97;10-30;10-50;*
15.66;10-30;10-50;*
16.67;10-30;10-50;*
28.48;10-30;10-50;*
17.5;10-30;10-50;*
22.21;10-30;10-50;*
16.69;10-30;10-50;*
33.08;30-50;10-50;*
21.81;10-30;10-50;*
23.06;10-30;10-50;*
27.27;10-30;10-50;*
42.4;30-50;10-50;*
35.42;30-50;10-50;*
49.27;30-50;10-50;*
25.94;10-30;10-50;*
31.31;30-50;10-50;*
23.46;10-30;10-50;*
39.0;30-50;10-50;*
23.87;10-30;10-50;*
21.75;10-30;10-50;*
27.3;10-30;10-50;*
28.51;10-30;10-50;*
28.72;10-30;10-50;*
26.91;10-30;10-50;*
34.63;30-50;10-50;*
24.33;10-30;10-50;*
19.03;10-30;10-50;*
15.97;10-30;10-50;*
25.04;10-30;10-50;*
18.1;10-30;10-50;*
23.33;10-30;10-50;*
28.99;10-30;10-50;*
25.05;10-30;10-50;*
22.96;10-30;10-50;*
29.26;10-30;10-50;*
24.7;10-30;10-50;*
31.59;30-50;10-50;*
30.58;30-50;10-50;*
22.31;10-30;10-50;*
20.09;10-30;10-50;*
42.0;30-50;10-50;*
30.49;30-50;10-50;*
26.2;10-30;10-50;*
25.39;10-30;10-50;*
16.92;10-30;10-50;*
20.95;10-30;10-50;*
27.99;10-30;10-50;*
49.23;30-50;10-50;*
33.7;30-50;10-50;*
34.17;30-50;10-50;*
27.52;10-30;10-50;*
36.58;30-50;10-50;*
17.25;10-30;10-50;*
27.73;10-30;10-50;*
42.54;30-50;10-50;*
23.5;10-30;10-50;*
21.33;10-30;10-50;*
35.1;30-50;10-50;*
21.72;10-30;10-50;*
30.84;30-50;10-50;*
19.34;10-30;10-50;*
28.42;10-30;10-50;*
25.63;10-30;10-50;*
24.11;10-30;10-50;*
32.95;30-50;10-50;*
24.46;10-30;10-50;*
19.46;10-30;10-50;*
20.4;10-30;10-50;*
15.62;10-30;10-50;*
26.12;10-30;10-50;*
18.42;10-30;10-50;*
18.51;10-30;10-50;*
33.45;30-50;10-50;*
14.7;10-30;10-50;*
37.13;30-50;10-50;*
11.16;10-30;10-50;*
44.5;30-50;10-50;*
16.22;10-30;10-50;*
30.21;30-50;10-50;*
30.09;30-50;10-50;*
22.04;10-30;10-50;*
33.72;30-50;10-50;*
33.16;30-50;10-50;*
34.54;30-50;10-50;*
36.61;30-50;10-50;*
28.96;10-30;10-50;*
26.6;10-30;10-50;*
22.65;10-30;10-50;*
18.0;10-30;10-50;*
18.75;10-30;10-50;*
16.28;10-30;10-50;*
23.29;10-30;10-50;*
34.02;30-50;10-50;*
24.96;10-30;10-50;*
37.9;30-50;10-50;*
40.0;30-50;10-50;*
25.76;10-30;10-50;*
19.22;10-30;10-50;*
29.79;10-30;10-50;*
19.97;10-30;10-50;*
28.19;10-30;10-50;*
36.87;30-50;10-50;*
37.83;30-50;10-50;*
20.51;10-30;10-50;*
36.4;30-50;10-50;*
27.02;10-30;10-50;*
25.95;10-30;10-50;*
37.53;30-50;10-50;*
33.56;30-50;10-50;*
31.25;30-50;10-50;*
27.0;10-30;10-50;*
36.01;30-50;10-50;*
27.98;10-30;10-50;*
32.44;30-50;10-50;*
22.36;10-30;10-50;*
29.64;10-30;10-50;*
26.15;10-30;10-50;*
29.15;10-30;10-50;*
34.13;30-50;10-50;*
24.92;10-30;10-50;*
42.48;30-50;10-50;*
35.83;30-50;10-50;*
22.14;10-30;10-50;*
31.68;30-50;10-50;*
24.71;10-30;10-50;*
38.36;30-50;10-50;*
39.9;30-50;10-50;*
21.91;10-30;10-50;*
22.13;10-30;10-50;*
13.95;10-30;10-50;*
21.13;10-30;10-50;*
15.24;10-30;10-50;*
16.87;10-30;10-50;*
15.33;10-30;10-50;*
16.7;10-30;10-50;*
28.87;10-30;10-50;*
33.14;30-50;10-50;*
20.88;10-30;10-50;*
25.7;10-30;10-50;*
17.07;10-30;10-50;*
18.23;10-30;10-50;*
20.78;10-30;10-50;*
28.75;10-30;10-50;*
28.6;10-30;10-50;*
29.35;10-30;10-50;*
24.38;10-30;10-50;*
21.6;10-30;10-50;*
27.6;10-30;10-50;*
23.28;10-30;10-50;*
34.03;30-50;10-50;*
29.92;10-30;10-50;*
18.49;10-30;10-50;*
18.02;10-30;10-50;*
17.53;10-30;10-50;*
40.37;30-50;10-50;*
31.94;30-50;10-50;*
32.84;30-50;10-50;*
54.12;50-70;50-90;*
22.64;10-30;10-50;*
20.94;10-30;10-50;*
24.27;10-30;10-50;*
33.63;30-50;10-50;*
17.37;10-30;10-50;*
26.56;10-30;10-50;*
16.3;10-30;10-50;*
30.45;30-50;10-50;*
46.07;30-50;10-50;*
31.44;30-50;10-50;*
38.25;30-50;10-50;*
30.28;30-50;10-50;*
30.54;30-50;10-50;*
21.9;10-30;10-50;*
16.36;10-30;10-50;*
24.66;10-30;10-50;*
34.42;30-50;10-50;*
18.16;10-30;10-50;*
31.34;30-50;10-50;*
17.28;10-30;10-50;*
29.01;10-30;10-50;*
24.5;10-30;10-50;*
26.49;10-30;10-50;*
24.44;10-30;10-50;*
44.23;30-50;10-50;*
26.06;10-30;10-50;*
32.12;30-50;10-50;*
24.69;10-30;10-50;*
21.35;10-30;10-50;*
18.93;10-30;10-50;*
26.17;10-30;10-50;*
19.76;10-30;10-50;*
38.95;30-50;10-50;*
33.58;30-50;10-50;*
19.69;10-30;10-50;*
24.2;10-30;10-50;*
31.76;30-50;10-50;*
27.19;10-30;10-50;*
37.4;30-50;10-50;*
23.0;10-30;10-50;*
19.51;10-30;10-50;*
24.9;10-30;10-50;*
20.47;10-30;10-50;*
17.58;10-30;10-50;*
27.34;10-30;10-50;*
21.79;10-30;10-50;*
23.1;10-30;10-50;*
30.65;30-50;10-50;*
31.82;30-50;10-50;*
20.04;10-30;10-50;*
34.0;30-50;10-50;*
31.46;30-50;10-50;*
25.06;10-30;10-50;*
24.37;10-30;10-50;*
14.31;10-30;10-50;*
39.45;30-50;10-50;*
41.76;30-50;10-50;*
40.81;30-50;10-50;*
24.76;10-30;10-50;*
13.12;10-30;10-50;*
11.85;10-30;10-50;*
28.15;10-30;10-50;*
49.0;30-50;10-50;*
25.54;10-30;10-50;*
28.4;10-30;10-50;*
34.09;30-50;10-50;*
34.57;30-50;10-50;*
22.9;10-30;10-50;*
31.4;30-50;10-50;*
31.56;30-50;10-50;*
17.86;10-30;10-50;*
36.03;30-50;10-50;*
28.45;10-30;10-50;*
16.6;10-30;10-50;*
32.89;30-50;10-50;*
34.8;30-50;10-50;*
15.28;10-30;10-50;*
25.98;10-30;10-50;*
15.45;10-30;10-50;*
10.77;10-30;10-50;*
43.16;30-50;10-50;*
38.0;30-50;10-50;*
31.08;30-50;10-50;*
29.63;10-30;10-50;*
16.24;10-30;10-50;*
32.26;30-50;10-50;*
41.14;30-50;10-50;*
18.3;10-30;10-50;*
20.76;10-30;10-50;*
17.84;10-30;10-50;*
23.32;10-30;10-50;*
21.4;10-30;10-50;*
22.71;10-30;10-50;*
21.63;10-30;10-50;*
27.43;10-30;10-50;*
43.75;30-50;10-50;*
25.2;10-30;10-50;*
25.49;10-30;10-50;*
40.5;30-50;10-50;*
28.07;10-30;10-50;*
15.86;10-30;10-50;*
25.3;10-30;10-50;*
24.06;10-30;10-50;*
24.67;10-30;10-50;*
32.57;30-50;10-50;*
42.44;30-50;10-50;*
38.81;30-50;10-50;*
30.2;30-50;10-50;*
32.0;30-50;10-50;*
29.29;10-30;10-50;*
26.21;10-30;10-50;*
18.38;10-30;10-50;*
26.42;10-30;10-50;*
33.6;30-50;10-50;*
32.32;30-50;10-50;*
19.87;10-30;10-50;*
34.15;30-50;10-50;*
26.29;10-30;10-50;*
33.41;30-50;10-50;*
20.66;10-30;10-50;*
57.17;50-70;50-90;*
30.0;30-50;10-50;*
23.37;10-30;10-50;*
31.61;30-50;10-50;*
22.76;10-30;10-50;*
45.7;30-50;10-50;*
19.81;10-30;10-50;*
27.76;10-30;10-50;*
37.72;30-50;10-50;*
40.01;30-50;10-50;*
45.03;30-50;10-50;*
23.95;10-30;10-50;*
39.2;30-50;10-50;*
44.24;30-50;10-50;*
15.43;10-30;10-50;*
22.61;10-30;10-50;*
48.61;30-50;10-50;*
40.39;30-50;10-50;*
31.0;30-50;10-50;*
23.43;10-30;10-50;*
23.8;10-30;10-50;*
40.77;30-50;10-50;*
37.02;30-50;10-50;*
27.92;10-30;10-50;*
28.52;10-30;10-50;*
32.9;30-50;10-50;*
50.36;50-70;50-90;*
38.75;30-50;10-50;*
30.23;30-50;10-50;*
38.42;30-50;10-50;*
26.83;10-30;10-50;*
23.12;10-30;10-50;*
38.66;30-50;10-50;*
23.63;10-30;10-50;*
18.84;10-30;10-50;*
19.8;10-30;10-50;*
15.36;10-30;10-50;*
20.2;10-30;10-50;*
13.02;10-30;10-50;*
33.51;30-50;10-50;*
30.98;30-50;10-50;*
24.99;10-30;10-50;*
29.68;10-30;10-50;*
33.37;30-50;10-50;*
31.27;30-50;10-50;*
32.08;30-50;10-50;*
19.74;10-30;10-50;*
40.67;30-50;10-50;*
33.84;30-50;10-50;*
29.83;10-30;10-50;*
31.48;30-50;10-50;*
16.0;10-30;10-50;*
15.88;10-30;10-50;*
17.87;10-30;10-50;*
36.06;30-50;10-50;*
29.16;10-30;10-50;*
13.66;10-30;10-50;*
29.1;10-30;10-50;*
38.04;30-50;10-50;*
26.36;10-30;10-50;*
27.18;10-30;10-50;*
36.09;30-50;10-50;*
20.75;10-30;10-50;*
29.05;10-30;10-50;*
33.3;30-50;10-50;*
29.86;10-30;10-50;*
18.28;10-30;10-50;*
40.21;30-50;10-50;*
28.58;10-30;10-50;*
21.64;10-30;10-50;*
26.51;10-30;10-50;*
38.91;30-50;10-50;*
60.2;50-70;50-90;*
22.08;10-30;10-50;*
28.3;10-30;10-50;*
43.81;30-50;10-50;*
25.88;10-30;10-50;*
29.53;10-30;10-50;*
28.98;10-30;10-50;*
36.71;30-50;10-50;*
16.12;10-30;10-50;*
34.27;30-50;10-50;*
17.9;10-30;10-50;*
21.94;10-30;10-50;*
25.71;10-30;10-50;*
31.15;30-50;10-50;*
29.23;10-30;10-50;*
30.06;30-50;10-50;*
21.51;10-30;10-50;*
27.08;10-30;10-50;*
25.53;10-30;10-50;*
26.31;10-30;10-50;*
20.27;10-30;10-50;*
19.42;10-30;10-50;*
22.68;10-30;10-50;*
21.14;10-30;10-50;*
18.4;10-30;10-50;*
23.57;10-30;10-50;*
18.24;10-30;10-50;*
20.64;10-30;10-50;*
19.16;10-30;10-50;*
21.47;10-30;10-50;*
38.24;30-50;10-50;*
48.57;30-50;10-50;*
22.59;10-30;10-50;*
31.63;30-50;10-50;*
38.97;30-50;10-50;*
23.2;10-30;10-50;*
30.34;30-50;10-50;*
33.86;30-50;10-50;*
16.15;10-30;10-50;*
15.0;10-30;10-50;*
32.94;30-50;10-50;*
13.91;10-30;10-50;*
25.45;10-30;10-50;*
21.8;10-30;10-50;*
19.29;10-30;10-50;*
28.14;10-30;10-50;*
16.37;10-30;10-50;*
18.86;10-30;10-50;*
27.26;10-30;10-50;*
22.92;10-30;10-50;*
34.76;30-50;10-50;*
15.81;10-30;10-50;*
21.95;10-30;10-50;*
20.96;10-30;10-50;*
15.03;10-30;10-50;*
28.57;10-30;10-50;*
25.64;10-30;10-50;*
18.82;10-30;10-50;*
35.48;30-50;10-50;*
31.32;30-50;10-50;*
37.75;30-50;10-50;*
21.34;10-30;10-50;*
19.38;10-30;10-50;*
26.76;10-30;10-50;*
34.85;30-50;10-50;*
30.53;30-50;10-50;*
15.46;10-30;10-50;*
32.39;30-50;10-50;*
28.8;10-30;10-50;*
30.56;30-50;10-50;*
32.07;30-50;10-50;*
33.75;30-50;10-50;*
45.19;30-50;10-50;*
21.71;10-30;10-50;*
25.61;10-30;10-50;*
21.67;10-30;10-50;*
29.99;10-30;10-50;*
28.23;10-30;10-50;*
14.18;10-30;10-50;*
28.2;10-30;10-50;*
15.54;10-30;10-50;*
25.01;10-30;10-50;*
25.82;10-30;10-50;*
34.11;30-50;10-50;*
21.38;10-30;10-50;*
29.55;10-30;10-50;*
18.92;10-30;10-50;*
27.61;10-30;10-50;*
41.16;30-50;10-50;*
27.29;10-30;10-50;*
22.8;10-30;10-50;*
41.9;30-50;10-50;*
29.0;10-30;10-50;*
27.36;10-30;10-50;*
16.98;10-30;10-50;*
24.45;10-30;10-50;*
31.89;30-50;10-50;*
26.0;10-30;10-50;*
20.26;10-30;10-50;*
18.31;10-30;10-50;*
21.02;10-30;10-50;*
31.92;30-50;10-50;*
25.14;10-30;10-50;*
30.47;30-50;10-50;*
40.96;30-50;10-50;*
31.65;30-50;10-50;*
33.31;30-50;10-50;*
33.81;30-50;10-50;*
29.51;10-30;10-50;*
19.33;10-30;10-50;*
23.54;10-30;10-50;*
16.19;10-30;10-50;*
37.98;30-50;10-50;*
30.9;30-50;10-50;*
26.68;10-30;10-50;*
42.12;30-50;10-50;*
41.45;30-50;10-50;*
25.33;10-30;10-50;*
29.8;10-30;10-50;*
18.14;10-30;10-50;*
26.98;10-30;10-50;*
32.97;30-50;10-50;*
20.97;10-30;10-50;*
42.64;30-50;10-50;*
19.4;10-30;10-50;*
20.31;10-30;10-50;*
23.72;10-30;10-50;*
24.57;10-30;10-50;*
22.93;10-30;10-50;*
33.12;30-50;10-50;*
28.13;10-30;10-50;*
20.15;10-30;10-50;*
15.31;10-30;10-50;*
16.23;10-30;10-50;*
37.45;30-50;10-50;*
30.29;30-50;10-50;*
40.1;30-50;10-50;*
30.27;30-50;10-50;*
23.51;10-30;10-50;*
26.09;10-30;10-50;*
31.64;30-50;10-50;*
34.29;30-50;10-50;*
17.03;10-30;10-50;*
14.93;10-30;10-50;*
35.98;30-50;10-50;*
15.3;10-30;10-50;*
28.61;10-30;10-50;*
28.69;10-30;10-50;*
28.04;10-30;10-50;*
33.47;30-50;10-50;*
26.67;10-30;10-50;*
34.14;30-50;10-50;*
24.85;10-30;10-50;*
27.66;10-30;10-50;*
18.66;10-30;10-50;*
18.74;10-30;10-50;*
26.75;10-30;10-50;*
34.04;30-50;10-50;*
27.56;10-30;10-50;*
41.64;30-50;10-50;*
28.31;10-30;10-50;*
32.75;30-50;10-50;*
19.3;10-30;10-50;*
42.15;30-50;10-50;*
27.75;10-30;10-50;*
18.29;10-30;10-50;*
33.03;30-50;10-50;*
29.45;10-30;10-50;*
33.79;30-50;10-50;*
20.22;10-30;10-50;*
17.85;10-30;10-50;*
37.27;30-50;10-50;*
32.04;30-50;10-50;*
28.39;10-30;10-50;*
22.67;10-30;10-50;*
18.71;10-30;10-50;*
42.62;30-50;10-50;*
22.44;10-30;10-50;*
22.2;10-30;10-50;*
31.6;30-50;10-50;*
27.1;10-30;10-50;*
20.01;10-30;10-50;*
17.15;10-30;10-50;*
23.13;10-30;10-50;*
26.85;10-30;10-50;*
34.74;30-50;10-50;*
31.47;30-50;10-50;*
26.11;10-30;10-50;*
16.65;10-30;10-50;*
28.28;10-30;10-50;*
39.28;30-50;10-50;*
25.78;10-30;10-50;*
28.77;10-30;10-50;*
37.31;30-50;10-50;*
33.66;30-50;10-50;*
23.94;10-30;10-50;*
28.9;10-30;10-50;*
29.69;10-30;10-50;*
37.73;30-50;10-50;*
44.16;30-50;10-50;*
46.32;30-50;10-50;*
24.14;10-30;10-50;*
27.42;10-30;10-50;*
25.0;10-30;10-50;*
18.65;10-30;10-50;*
31.38;30-50;10-50;*
54.87;50-70;50-90;*
17.22;10-30;10-50;*
33.78;30-50;10-50;*
21.41;10-30;10-50;*
25.62;10-30;10-50;*
26.05;10-30;10-50;*
31.1;30-50;10-50;*
23.69;10-30;10-50;*
24.98;10-30;10-50;*
32.73;30-50;10-50;*
51.61;50-70;50-90;*
44.2;30-50;10-50;*
42.49;30-50;10-50;*
28.71;10-30;10-50;*
21.45;10-30;10-50;*
43.15;30-50;10-50;*
42.13;30-50;10-50;*
30.97;30-50;10-50;*
30.61;30-50;10-50;*
39.69;30-50;10-50;*
13.67;10-30;10-50;*
43.29;30-50;10-50;*
44.62;30-50;10-50;*
19.06;10-30;10-50;*
30.81;30-50;10-50;*
16.4;10-30;10-50;*
17.17;10-30;10-50;*
37.51;30-50;10-50;*
29.91;10-30;10-50;*
33.5;30-50;10-50;*
17.12;10-30;10-50;*
21.65;10-30;10-50;*
14.5;10-30;10-50;*
33.52;30-50;10-50;*
31.39;30-50;10-50;*
17.73;10-30;10-50;*
25.08;10-30;10-50;*
35.02;30-50;10-50;*
25.03;10-30;10-50;*
23.18;10-30;10-50;*
29.7;10-30;10-50;*
16.33;10-30;10-50;*
45.16;30-50;10-50;*
27.33;10-30;10-50;*
21.08;10-30;10-50;*
19.37;10-30;10-50;*
34.5;30-50;10-50;*
39.91;30-50;10-50;*
30.18;30-50;10-50;*
24.72;10-30;10-50;*
22.79;10-30;10-50;*
39.93;30-50;10-50;*
38.17;30-50;10-50;*
49.17;30-50;10-50;*
28.0;10-30;10-50;*
48.72;30-50;10-50;*
19.13;10-30;10-50;*
18.83;10-30;10-50;*
21.1;10-30;10-50;*
29.62;10-30;10-50;*
23.17;10-30;10-50;*
41.66;30-50;10-50;*
18.7;10-30;10-50;*
31.29;30-50;10-50;*
21.42;10-30;10-50;*
31.91;30-50;10-50;*
32.01;30-50;10-50;*
19.71;10-30;10-50;*
37.55;30-50;10-50;*
17.14;10-30;10-50;*
23.89;10-30;10-50;*
39.58;30-50;10-50;*
35.53;30-50;10-50;*
28.24;10-30;10-50;*
22.0;10-30;10-50;*
19.91;10-30;10-50;*
13.35;10-30;10-50;*
33.28;30-50;10-50;*
19.04;10-30;10-50;*
37.37;30-50;10-50;*
15.56;10-30;10-50;*
52.67;50-70;50-90;*
41.97;30-50;10-50;*
41.78;30-50;10-50;*
17.51;10-30;10-50;*
35.8;30-50;10-50;*
28.86;10-30;10-50;*
65.93;50-70;50-90;*
38.52;30-50;10-50;*
23.34;10-30;10-50;*
37.82;30-50;10-50;*
31.43;30-50;10-50;*
23.4;10-30;10-50;*
19.89;10-30;10-50;*
25.16;10-30;10-50;*
30.11;30-50;10-50;*
16.41;10-30;10-50;*
27.72;10-30;10-50;*
19.25;10-30;10-50;*
30.4;30-50;10-50;*
19.48;10-30;10-50;*
24.43;10-30;10-50;*
59.03;50-70;50-90;*
28.36;10-30;10-50;*
44.1;30-50;10-50;*
33.32;30-50;10-50;*
17.77;10-30;10-50;*
26.55;10-30;10-50;*
24.95;10-30;10-50;*
35.72;30-50;10-50;*
16.17;10-30;10-50;*
24.8;10-30;10-50;*
28.62;10-30;10-50;*
32.21;30-50;10-50;*
18.15;10-30;10-50;*
20.52;10-30;10-50;*
30.01;30-50;10-50;*
29.94;10-30;10-50;*
29.97;10-30;10-50;*
47.0;30-50;10-50;*
24.73;10-30;10-50;*
27.17;10-30;10-50;*
17.92;10-30;10-50;*
29.52;10-30;10-50;*
26.3;10-30;10-50;*
47.64;30-50;10-50;*
47.7;30-50;10-50;*
40.46;30-50;10-50;*
22.56;10-30;10-50;*
19.26;10-30;10-50;*
15.83;10-30;10-50;*
21.27;10-30;10-50;*
41.39;30-50;10-50;*
19.5;10-30;10-50;*
65.56;50-70;50-90;*
24.09;10-30;10-50;*
25.24;10-30;10-50;*
40.17;30-50;10-50;*
16.91;10-30;10-50;*
31.41;30-50;10-50;*
46.76;30-50;10-50;*
17.7;10-30;10-50;*
46.39;30-50;10-50;*
32.24;30-50;10-50;*
23.09;10-30;10-50;*
45.08;30-50;10-50;*
16.97;10-30;10-50;*
38.27;30-50;10-50;*
21.32;10-30;10-50;*
48.55;30-50;10-50;*
41.42;30-50;10-50;*
20.77;10-30;10-50;*
15.11;10-30;10-50;*
15.5;10-30;10-50;*
19.78;10-30;10-50;*
46.06;30-50;10-50;*
25.56;10-30;10-50;*
30.43;30-50;10-50;*
50.77;50-70;50-90;*
26.95;10-30;10-50;*
26.48;10-30;10-50;*
42.77;30-50;10-50;*
18.61;10-30;10-50;*
23.79;10-30;10-50;*
55.85;50-70;50-90;*
28.5;10-30;10-50;*
37.42;30-50;10-50;*
32.72;30-50;10-50;*
38.99;30-50;10-50;*
34.78;30-50;10-50;*
29.46;10-30;10-50;*
34.32;30-50;10-50;*
33.59;30-50;10-50;*
25.57;10-30;10-50;*
25.22;10-30;10-50;*
20.54;10-30;10-50;*
34.94;30-50;10-50;*
35.18;30-50;10-50;*
25.6;10-30;10-50;*
29.11;10-30;10-50;*
38.41;30-50;10-50;*
18.52;10-30;10-50;*
26.69;10-30;10-50;*
39.94;30-50;10-50;*
26.81;10-30;10-50;*
19.72;10-30;10-50;*
28.32;10-30;10-50;*
21.89;10-30;10-50;*
28.54;10-30;10-50;*
29.39;10-30;10-50;*
30.75;30-50;10-50;*
37.99;30-50;10-50;*
24.84;10-30;10-50;*
18.55;10-30;10-50;*
51.36;50-70;50-90;*
27.9;10-30;10-50;*
32.58;30-50;10-50;*
25.13;10-30;10-50;*
34.07;30-50;10-50;*
26.41;10-30;10-50;*
32.91;30-50;10-50;*
17.44;10-30;10-50;*
35.57;30-50;10-50;*
38.22;30-50;10-50;*
15.99;10-30;10-50;*
21.11;10-30;10-50;*
35.66;30-50;10-50;*
20.69;10-30;10-50;*
26.24;10-30;10-50;*
16.01;10-30;10-50;*
38.76;30-50;10-50;*
30.03;30-50;10-50;*
21.57;10-30;10-50;*
40.23;30-50;10-50;*
24.97;10-30;10-50;*
30.16;30-50;10-50;*
28.26;10-30;10-50;*
14.76;10-30;10-50;*
22.03;10-30;10-50;*
34.79;30-50;10-50;*
28.84;10-30;10-50;*
31.35;30-50;10-50;*
26.03;10-30;10-50;*
29.38;10-30;10-50;*
22.58;10-30;10-50;*
22.99;10-30;10-50;*
25.65;10-30;10-50;*
38.51;30-50;10-50;*
29.73;10-30;10-50;*
24.94;10-30;10-50;*
29.96;10-30;10-50;*
28.29;10-30;10-50;*
54.86;50-70;50-90;*
37.43;30-50;10-50;*
29.71;10-30;10-50;*
23.39;10-30;10-50;*
34.67;30-50;10-50;*
24.63;10-30;10-50;*
13.33;10-30;10-50;*
28.53;10-30;10-50;*
31.73;30-50;10-50;*
39.75;30-50;10-50;*
15.19;10-30;10-50;*
19.86;10-30;10-50;*
27.53;10-30;10-50;*
22.86;10-30;10-50;*
28.74;10-30;10-50;*
25.1;10-30;10-50;*
47.33;30-50;10-50;*
15.59;10-30;10-50;*
30.6;30-50;10-50;*
17.0;10-30;10-50;*
27.58;10-30;10-50;*
36.42;30-50;10-50;*
30.31;30-50;10-50;*
41.89;30-50;10-50;*
35.93;30-50;10-50;*
26.77;10-30;10-50;*
19.2;10-30;10-50;*
27.2;10-30;10-50;*
37.67;30-50;10-50;*
35.7;30-50;10-50;*
40.35;30-50;10-50;*
27.69;10-30;10-50;*
26.59;10-30;10-50;*
35.3;30-50;10-50;*
27.05;10-30;10-50;*
19.07;10-30;10-50;*
43.49;30-50;10-50;*
22.23;10-30;10-50;*
31.26;30-50;10-50;*
19.96;10-30;10-50;*
15.14;10-30;10-50;*
24.52;10-30;10-50;*
26.34;10-30;10-50;*
18.09;10-30;10-50;*
35.05;30-50;10-50;*
32.36;30-50;10-50;*
14.37;10-30;10-50;*
38.6;30-50;10-50;*
31.42;30-50;10-50;*
25.07;10-30;10-50;*
23.82;10-30;10-50;*
19.99;10-30;10-50;*
23.38;10-30;10-50;*
31.49;30-50;10-50;*
21.0;10-30;10-50;*
44.14;30-50;10-50;*
23.07;10-30;10-50;*
26.23;10-30;10-50;*
19.43;10-30;10-50;*
23.26;10-30;10-50;*
29.18;10-30;10-50;*
32.54;30-50;10-50;*
17.89;10-30;10-50;*
16.61;10-30;10-50;*
29.09;10-30;10-50;*
45.13;30-50;10-50;*
29.24;10-30;10-50;*
32.3;30-50;10-50;*
25.51;10-30;10-50;*
25.55;10-30;10-50;*
37.54;30-50;10-50;*
15.61;10-30;10-50;*
21.62;10-30;10-50;*
36.45;30-50;10-50;*
29.56;10-30;10-50;*
35.9;30-50;10-50;*
16.79;10-30;10-50;*
25.59;10-30;10-50;*
19.94;10-30;10-50;*
21.56;10-30;10-50;*
46.67;30-50;10-50;*
24.54;10-30;10-50;*
34.1;30-50;10-50;*
63.74;50-70;50-90;*
23.16;10-30;10-50;*
30.86;30-50;10-50;*
30.04;30-50;10-50;*
31.97;30-50;10-50;*
44.41;30-50;10-50;*
33.4;30-50;10-50;*
13.71;10-30;10-50;*
38.48;30-50;10-50;*
23.58;10-30;10-50;*
19.55;10-30;10-50;*
30.1;30-50;10-50;*
30.78;30-50;10-50;*
49.62;30-50;10-50;*
32.25;30-50;10-50;*
31.93;30-50;10-50;*
37.79;30-50;10-50;*
42.28;30-50;10-50;*
24.25;10-30;10-50;*
39.5;30-50;10-50;*
22.37;10-30;10-50;*
41.19;30-50;10-50;*
41.48;30-50;10-50;*
17.54;10-30;10-50;*
32.1;30-50;10-50;*
21.16;10-30;10-50;*
13.16;10-30;10-50;*
52.83;50-70;50-90;*
34.38;30-50;10-50;*
16.54;10-30;10-50;*
19.01;10-30;10-50;*
21.28;10-30;10-50;*
18.36;10-30;10-50;*
22.24;10-30;10-50;*
48.06;30-50;10-50;*
33.89;30-50;10-50;*
42.71;30-50;10-50;*
15.55;10-30;10-50;*
22.63;10-30;10-50;*
36.51;30-50;10-50;*
17.27;10-30;10-50;*
14.52;10-30;10-50;*
21.93;10-30;10-50;*
23.52;10-30;10-50;*
28.81;10-30;10-50;*
22.77;10-30;10-50;*
14.82;10-30;10-50;*
26.63;10-30;10-50;*
19.35;10-30;10-50;*
21.36;10-30;10-50;*
26.14;10-30;10-50;*
17.04;10-30;10-50;*
32.17;30-50;10-50;*
29.67;10-30;10-50;*
14.94;10-30;10-50;*
35.21;30-50;10-50;*
40.29;30-50;10-50;*
41.53;30-50;10-50;*
32.78;30-50;10-50;*
31.07;30-50;10-50;*
19.44;10-30;10-50;*
16.08;10-30;10-50;*
42.11;30-50;10-50;*
36.39;30-50;10-50;*
32.11;30-50;10-50;*
34.33;30-50;10-50;*
16.45;10-30;10-50;*
29.58;10-30;10-50;*
20.99;10-30;10-50;*
28.7;10-30;10-50;*
25.66;10-30;10-50;*
35.2;30-50;10-50;*
43.76;30-50;10-50;*
31.13;30-50;10-50;*
18.98;10-30;10-50;*
17.34;10-30;10-50;*
28.65;10-30;10-50;*
17.8;10-30;10-50;*
30.07;30-50;10-50;*
17.88;10-30;10-50;*
35.47;30-50;10-50;*
28.97;10-30;10-50;*
28.03;10-30;10-50;*
23.85;10-30;10-50;*
32.28;30-50;10-50;*
49.43;30-50;10-50;*
38.2;30-50;10-50;*
40.95;30-50;10-50;*
24.87;10-30;10-50;*
44.76;30-50;10-50;*
32.74;30-50;10-50;*
44.27;30-50;10-50;*
16.71;10-30;10-50;*
17.06;10-30;10-50;*
21.21;10-30;10-50;*
20.13;10-30;10-50;*
32.96;30-50;10-50;*
38.3;30-50;10-50;*
30.93;30-50;10-50;*
23.83;10-30;10-50;*
28.47;10-30;10-50;*
20.05;10-30;10-50;*
35.25;30-50;10-50;*
20.48;10-30;10-50;*
34.9;30-50;10-50;*
19.62;10-30;10-50;*
24.08;10-30;10-50;*
43.97;30-50;10-50;*
20.33;10-30;10-50;*
16.81;10-30;10-50;*
16.29;10-30;10-50;*
30.76;30-50;10-50;*
23.42;10-30;10-50;*
24.64;10-30;10-50;*
37.1;30-50;10-50;*
38.09;30-50;10-50;*
18.5;10-30;10-50;*
17.43;10-30;10-50;*
27.11;10-30;10-50;*
30.94;30-50;10-50;*
26.92;10-30;10-50;*
42.26;30-50;10-50;*
38.29;30-50;10-50;*
21.61;10-30;10-50;*
26.54;10-30;10-50;*
42.38;30-50;10-50;*
22.16;10-30;10-50;*
30.69;30-50;10-50;*
19.93;10-30;10-50;*
21.96;10-30;10-50;*
23.98;10-30;10-50;*
49.07;30-50;10-50;*
27.37;10-30;10-50;*
26.5;10-30;10-50;*
34.4;30-50;10-50;*
16.89;10-30;10-50;*
27.81;10-30;10-50;*
24.05;10-30;10-50;*
36.44;30-50;10-50;*
22.98;10-30;10-50;*
22.89;10-30;10-50;*
14.8;10-30;10-50;*
14.67;10-30;10-50;*
30.82;30-50;10-50;*
33.1;30-50;10-50;*
23.7;10-30;10-50;*
16.13;10-30;10-50;*
29.84;10-30;10-50;*
19.65;10-30;10-50;*
27.44;10-30;10-50;*
17.23;10-30;10-50;*
16.68;10-30;10-50;*
35.68;30-50;10-50;*
22.82;10-30;10-50;*
68.1;50-70;50-90;*
34.68;30-50;10-50;*
48.41;30-50;10-50;*
57.21;50-70;50-90;*
36.23;30-50;10-50;*
21.58;10-30;10-50;*
38.68;30-50;10-50;*
42.88;30-50;10-50;*
17.78;10-30;10-50;*
33.33;30-50;10-50;*
29.77;10-30;10-50;*
24.17;10-30;10-50;*
30.15;30-50;10-50;*
33.92;30-50;10-50;*
22.27;10-30;10-50;*
19.79;10-30;10-50;*
57.79;50-70;50-90;*
20.57;10-30;10-50;*
22.78;10-30;10-50;*
28.63;10-30;10-50;*
24.82;10-30;10-50;*
39.38;30-50;10-50;*
38.88;30-50;10-50;*
38.93;30-50;10-50;*
16.16;10-30;10-50;*
30.62;30-50;10-50;*
40.93;30-50;10-50;*
33.01;30-50;10-50;*
20.42;10-30;10-50;*
20.17;10-30;10-50;*
30.99;30-50;10-50;*
37.12;30-50;10-50;*
48.92;30-50;10-50;*
27.74;10-30;10-50;*
23.19;10-30;10-50;*
56.73;50-70;50-90;*
18.57;10-30;10-50;*
29.87;10-30;10-50;*
17.94;10-30;10-50;*
22.54;10-30;10-50;*
17.42;10-30;10-50;*
18.43;10-30;10-50;*
48.81;30-50;10-50;*
25.32;10-30;10-50;*
30.24;30-50;10-50;*
42.69;30-50;10-50;*
24.23;10-30;10-50;*
31.24;30-50;10-50;*
21.74;10-30;10-50;*
35.5;30-50;10-50;*
28.68;10-30;10-50;*
26.65;10-30;10-50;*
25.96;10-30;10-50;*
45.79;30-50;10-50;*
14.96;10-30;10-50;*
23.81;10-30;10-50;*
15.93;10-30;10-50;*
36.08;30-50;10-50;*
34.75;30-50;10-50;*
25.58;10-30;10-50;*
38.45;30-50;10-50;*
37.44;30-50;10-50;*
32.05;30-50;10-50;*
30.14;30-50;10-50;*
50.86;50-70;50-90;*
36.7;30-50;10-50;*
35.45;30-50;10-50;*
36.15;30-50;10-50;*
38.92;30-50;10-50;*
34.23;30-50;10-50;*
29.76;10-30;10-50;*
19.84;10-30;10-50;*
26.9;10-30;10-50;*
20.82;10-30;10-50;*
26.73;10-30;10-50;*
16.88;10-30;10-50;*
39.85;30-50;10-50;*
35.27;30-50;10-50;*
69.39;50-70;50-90;*
31.5;30-50;10-50;*
35.94;30-50;10-50;*
29.74;10-30;10-50;*
20.46;10-30;10-50;*
54.26;50-70;50-90;*
14.4;10-30;10-50;*
25.99;10-30;10-50;*
32.67;30-50;10-50;*
47.73;30-50;10-50;*
23.68;10-30;10-50;*
38.18;30-50;10-50;*
28.79;10-30;10-50;*
46.08;30-50;10-50;*
44.61;30-50;10-50;*
54.22;50-70;50-90;*
19.17;10-30;10-50;*
32.76;30-50;10-50;*
10.01;10-30;10-50;*
27.91;10-30;10-50;*
38.33;30-50;10-50;*
16.66;10-30;10-50;*
28.08;10-30;10-50;*
32.42;30-50;10-50;*
19.64;10-30;10-50;*
27.47;10-30;10-50;*
29.48;10-30;10-50;*
23.27;10-30;10-50;*
34.97;30-50;10-50;*
24.59;10-30;10-50;*
46.61;30-50;10-50;*
32.38;30-50;10-50;*
34.86;30-50;10-50;*
30.57;30-50;10-50;*
36.0;30-50;10-50;*
15.98;10-30;10-50;*
40.42;30-50;10-50;*
38.56;30-50;10-50;*
42.25;30-50;10-50;*
16.64;10-30;10-50;*
27.87;10-30;10-50;*
49.38;30-50;10-50;*
33.9;30-50;10-50;*
29.04;10-30;10-50;*
19.23;10-30;10-50;*
35.0;30-50;10-50;*
14.95;10-30;10-50;*
44.18;30-50;10-50;*
12.8;10-30;10-50;*
17.01;10-30;10-50;*
25.09;10-30;10-50;*
32.34;30-50;10-50;*
47.94;30-50;10-50;*
27.24;10-30;10-50;*
16.82;10-30;10-50;*
37.7;30-50;10-50;*
38.58;30-50;10-50;*
22.05;10-30;10-50;*
35.01;30-50;10-50;*
25.83;10-30;10-50;*
17.6;10-30;10-50;*
12.53;10-30;10-50;*
28.11;10-30;10-50;*
20.45;10-30;10-50;*
33.8;30-50;10-50;*
32.5;30-50;10-50;*
38.1;30-50;10-50;*
30.63;30-50;10-50;*
37.88;30-50;10-50;*
14.65;10-30;10-50;*
15.71;10-30;10-50;*
34.41;30-50;10-50;*
17.2;10-30;10-50;*
40.4;30-50;10-50;*
26.26;10-30;10-50;*
30.19;30-50;10-50;*
48.05;30-50;10-50;*
41.83;30-50;10-50;*
35.88;30-50;10-50;*
37.15;30-50;10-50;*
29.27;10-30;10-50;*
22.1;10-30;10-50;*
36.94;30-50;10-50;*
21.37;10-30;10-50;*
20.74;10-30;10-50;*
35.22;30-50;10-50;*
26.74;10-30;10-50;*
20.5;10-30;10-50;*
29.66;10-30;10-50;*
22.97;10-30;10-50;*
26.89;10-30;10-50;*
16.26;10-30;10-50;*
35.61;30-50;10-50;*
22.26;10-30;10-50;*
25.5;10-30;10-50;*
16.43;10-30;10-50;*
37.91;30-50;10-50;*
28.78;10-30;10-50;*
23.6;10-30;10-50;*
35.34;30-50;10-50;*
45.98;30-50;10-50;*
14.42;10-30;10-50;*
18.21;10-30;10-50;*
18.76;10-30;10-50;*
35.23;30-50;10-50;*
48.0;30-50;10-50;*
28.1;10-30;10-50;*
20.03;10-30;10-50;*
38.35;30-50;10-50;*
33.42;30-50;10-50;*
11.91;10-30;10-50;*
23.77;10-30;10-50;*
24.83;10-30;10-50;*
27.46;10-30;10-50;*
45.77;30-50;10-50;*
25.12;10-30;10-50;*
35.31;30-50;10-50;*
36.64;30-50;10-50;*
44.47;30-50;10-50;*
22.88;10-30;10-50;*
34.12;30-50;10-50;*
19.68;10-30;10-50;*
38.9;30-50;10-50;*
32.8;30-50;10-50;*
21.53;10-30;10-50;*
23.73;10-30;10-50;*
16.14;10-30;10-50;*
39.47;30-50;10-50;*
36.9;30-50;10-50;*
20.23;10-30;10-50;*
20.43;10-30;10-50;*
40.85;30-50;10-50;*
24.74;10-30;10-50;*
24.12;10-30;10-50;*
35.69;30-50;10-50;*
17.05;10-30;10-50;*
25.38;10-30;10-50;*
41.41;30-50;10-50;*
39.01;30-50;10-50;*
16.95;10-30;10-50;*
21.87;10-30;10-50;*
29.36;10-30;10-50;*
34.45;30-50;10-50;*
55.52;50-70;50-90;*
26.13;10-30;10-50;*
39.22;30-50;10-50;*
35.86;30-50;10-50;*
27.41;10-30;10-50;*
16.78;10-30;10-50;*
27.35;10-30;10-50;*
22.11;10-30;10-50;*
21.19;10-30;10-50;*
16.44;10-30;10-50;*
32.82;30-50;10-50;*
34.89;30-50;10-50;*
16.74;10-30;10-50;*
27.97;10-30;10-50;*
18.9;10-30;10-50;*
52.72;50-70;50-90;*
31.71;30-50;10-50;*
34.39;30-50;10-50;*
57.22;50-70;50-90;*
30.35;30-50;10-50;*
23.67;10-30;10-50;*
15.07;10-30;10-50;*
27.21;10-30;10-50;*
37.76;30-50;10-50;*
30.02;30-50;10-50;*
26.38;10-30;10-50;*
41.96;30-50;10-50;*
40.62;30-50;10-50;*
40.52;30-50;10-50;*
15.52;10-30;10-50;*
25.74;10-30;10-50;*
17.95;10-30;10-50;*
21.23;10-30;10-50;*
43.31;30-50;10-50;*
40.33;30-50;10-50;*
25.93;10-30;10-50;*
35.41;30-50;10-50;*
20.06;10-30;10-50;*
17.76;10-30;10-50;*
24.13;10-30;10-50;*
47.9;30-50;10-50;*
41.95;30-50;10-50;*
16.84;10-30;10-50;*
16.49;10-30;10-50;*
41.7;30-50;10-50;*
16.03;10-30;10-50;*
16.35;10-30;10-50;*
33.0;30-50;10-50;*
40.13;30-50;10-50;*
34.83;30-50;10-50;*
17.69;10-30;10-50;*
21.09;10-30;10-50;*
18.39;10-30;10-50;*
24.28;10-30;10-50;*
21.84;10-30;10-50;*
40.08;30-50;10-50;*
15.15;10-30;10-50;*
14.98;10-30;10-50;*
23.41;10-30;10-50;*
24.51;10-30;10-50;*
13.26;10-30;10-50;*
34.61;30-50;10-50;*
30.96;30-50;10-50;*
32.53;30-50;10-50;*
30.67;30-50;10-50;*
15.72;10-30;10-50;*
28.09;10-30;10-50;*
33.98;30-50;10-50;*
21.99;10-30;10-50;*
20.36;10-30;10-50;*
27.54;10-30;10-50;*
14.19;10-30;10-50;*
29.89;10-30;10-50;*
34.96;30-50;10-50;*
27.67;10-30;10-50;*
55.55;50-70;50-90;*
26.28;10-30;10-50;*
19.08;10-30;10-50;*
17.93;10-30;10-50;*
59.99;50-70;50-90;*
39.15;30-50;10-50;*
19.77;10-30;10-50;*
34.58;30-50;10-50;*
19.67;10-30;10-50;*
34.88;30-50;10-50;*
34.77;30-50;10-50;*
39.27;30-50;10-50;*
47.2;30-50;10-50;*
33.73;30-50;10-50;*
13.85;10-30;10-50;*
18.62;10-30;10-50;*
31.14;30-50;10-50;*
88.72;70-90;50-90;*
31.23;30-50;10-50;*
24.16;10-30;10-50;*
31.3;30-50;10-50;*
45.59;30-50;10-50;*
35.4;30-50;10-50;*
25.92;10-30;10-50;*
30.87;30-50;10-50;*
33.49;30-50;10-50;*
36.19;30-50;10-50;*
24.39;10-30;10-50;*
34.22;30-50;10-50;*
18.44;10-30;10-50;*
33.82;30-50;10-50;*
35.64;30-50;10-50;*
20.25;10-30;10-50;*
17.79;10-30;10-50;*
19.36;10-30;10-50;*
49.18;30-50;10-50;*
29.61;10-30;10-50;*
31.55;30-50;10-50;*
14.05;10-30;10-50;*
35.36;30-50;10-50;*
26.66;10-30;10-50;*
31.05;30-50;10-50;*
36.5;30-50;10-50;*
41.31;30-50;10-50;*
42.6;30-50;10-50;*
36.67;30-50;10-50;*
26.64;10-30;10-50;*
42.67;30-50;10-50;*
23.3;10-30;10-50;*
17.59;10-30;10-50;*
26.01;10-30;10-50;*
53.3;50-70;50-90;*
29.81;10-30;10-50;*
24.58;10-30;10-50;*
14.77;10-30;10-50;*
18.08;10-30;10-50;*
15.51;10-30;10-50;*
28.64;10-30;10-50;*
39.88;30-50;10-50;*
39.02;30-50;10-50;*
29.65;10-30;10-50;*
17.57;10-30;10-50;*
22.22;10-30;10-50;*
30.72;30-50;10-50;*
19.73;10-30;10-50;*
38.77;30-50;10-50;*
48.82;30-50;10-50;*
30.42;30-50;10-50;*
55.62;50-70;50-90;*
14.86;10-30;10-50;*
52.89;50-70;50-90;*
32.99;30-50;10-50;*
24.53;10-30;10-50;*
34.43;30-50;10-50;*
17.33;10-30;10-50;*
33.24;30-50;10-50;*
24.75;10-30;10-50;*
38.07;30-50;10-50;*
45.5;30-50;10-50;*
22.85;10-30;10-50;*
54.69;50-70;50-90;*
31.52;30-50;10-50;*
37.65;30-50;10-50;*
25.79;10-30;10-50;*
42.8;30-50;10-50;*
61.02;50-70;50-90;*
34.28;30-50;10-50;*
30.74;30-50;10-50;*
23.31;10-30;10-50;*
37.23;30-50;10-50;*
36.99;30-50;10-50;*
43.96;30-50;10-50;*
16.25;10-30;10-50;*
38.05;30-50;10-50;*
15.12;10-30;10-50;*
22.33;10-30;10-50;*
22.7;10-30;10-50;*
38.11;30-50;10-50;*
35.58;30-50;10-50;*
36.02;30-50;10-50;*
28.76;10-30;10-50;*
38.26;30-50;10-50;*
14.28;10-30;10-50;*
33.11;30-50;10-50;*
33.02;30-50;10-50;*
34.19;30-50;10-50;*
40.61;30-50;10-50;*
21.82;10-30;10-50;*
30.48;30-50;10-50;*
46.15;30-50;10-50;*
31.06;30-50;10-50;*
36.62;30-50;10-50;*
37.86;30-50;10-50;*
31.78;30-50;10-50;*
12.79;10-30;10-50;*
14.75;10-30;10-50;*
18.06;10-30;10-50;*
38.01;30-50;10-50;*
15.21;10-30;10-50;*
35.6;30-50;10-50;*
22.87;10-30;10-50;*
41.6;30-50;10-50;*
41.51;30-50;10-50;*
37.87;30-50;10-50;*
24.26;10-30;10-50;*
14.45;10-30;10-50;*
19.05;10-30;10-50;*
33.62;30-50;10-50;*
14.99;10-30;10-50;*
18.96;10-30;10-50;*
32.13;30-50;10-50;*
39.03;30-50;10-50;*
49.55;30-50;10-50;*
49.86;30-50;10-50;*
14.15;10-30;10-50;*
17.38;10-30;10-50;*
48.04;30-50;10-50;*
18.88;10-30;10-50;*
12.16;10-30;10-50;*
34.7;30-50;10-50;*
36.78;30-50;10-50;*
31.83;30-50;10-50;*
15.75;10-30;10-50;*
22.02;10-30;10-50;*
49.93;30-50;10-50;*
22.28;10-30;10-50;*
17.18;10-30;10-50;*
13.76;10-30;10-50;*
35.77;30-50;10-50;*
23.21;10-30;10-50;*
25.28;10-30;10-50;*
20.34;10-30;10-50;*
29.75;10-30;10-50;*
61.99;50-70;50-90;*
12.46;10-30;10-50;*
42.73;30-50;10-50;*
35.43;30-50;10-50;*
34.98;30-50;10-50;*
42.05;30-50;10-50;*
16.05;10-30;10-50;*
56.48;50-70;50-90;*
28.17;10-30;10-50;*
34.25;30-50;10-50;*
38.8;30-50;10-50;*
18.99;10-30;10-50;*
30.25;30-50;10-50;*
34.49;30-50;10-50;*
27.65;10-30;10-50;*
28.43;10-30;10-50;*
36.13;30-50;10-50;*
33.74;30-50;10-50;*
50.2;50-70;50-90;*
51.41;50-70;50-90;*
32.22;30-50;10-50;*
19.11;10-30;10-50;*
45.65;30-50;10-50;*
36.82;30-50;10-50;*
31.02;30-50;10-50;*
38.69;30-50;10-50;*
38.63;30-50;10-50;*
26.33;10-30;10-50;*
16.52;10-30;10-50;*
22.74;10-30;10-50;*
14.14;10-30;10-50;*
35.16;30-50;10-50;*
12.7;10-30;10-50;*
21.07;10-30;10-50;*
35.74;30-50;10-50;*
37.14;30-50;10-50;*
30.66;30-50;10-50;*
31.36;30-50;10-50;*
42.83;30-50;10-50;*
22.69;10-30;10-50;*
15.53;10-30;10-50;*
21.17;10-30;10-50;*
27.71;10-30;10-50;*
27.16;10-30;10-50;*
19.85;10-30;10-50;*
32.77;30-50;10-50;*
18.07;10-30;10-50;*
53.21;50-70;50-90;*
15.6;10-30;10-50;*
20.37;10-30;10-50;*
35.39;30-50;10-50;*
29.43;10-30;10-50;*
38.03;30-50;10-50;*
24.68;10-30;10-50;*
29.13;10-30;10-50;*
18.68;10-30;10-50;*
32.7;30-50;10-50;*
16.42;10-30;10-50;*
32.66;30-50;10-50;*
54.45;50-70;50-90;*
26.43;10-30;10-50;*
45.83;30-50;10-50;*
19.28;10-30;10-50;*
17.41;10-30;10-50;*
33.57;30-50;10-50;*
44.55;30-50;10-50;*
36.76;30-50;10-50;*
27.03;10-30;10-50;*
14.03;10-30;10-50;*
17.19;10-30;10-50;*
20.1;10-30;10-50;*
32.33;30-50;10-50;*
16.75;10-30;10-50;*
29.9;10-30;10-50;*
33.65;30-50;10-50;*
40.44;30-50;10-50;*
24.31;10-30;10-50;*
33.48;30-50;10-50;*
25.85;10-30;10-50;*
28.83;10-30;10-50;*
41.33;30-50;10-50;*
14.91;10-30;10-50;*
24.6;10-30;10-50;*
24.49;10-30;10-50;*
33.21;30-50;10-50;*
30.13;30-50;10-50;*
15.09;10-30;10-50;*
32.47;30-50;10-50;*
16.51;10-30;10-50;*
44.81;30-50;10-50;*
29.17;10-30;10-50;*
38.49;30-50;10-50;*
37.21;30-50;10-50;*
32.03;30-50;10-50;*
21.73;10-30;10-50;*
15.82;10-30;10-50;*
42.9;30-50;10-50;*
38.02;30-50;10-50;*
15.79;10-30;10-50;*
51.22;50-70;50-90;*
39.97;30-50;10-50;*
15.38;10-30;10-50;*
17.72;10-30;10-50;*
30.77;30-50;10-50;*
13.3;10-30;10-50;*
30.88;30-50;10-50;*
16.2;10-30;10-50;*
25.27;10-30;10-50;*
40.03;30-50;10-50;*
28.41;10-30;10-50;*
34.69;30-50;10-50;*
31.11;30-50;10-50;*
15.2;10-30;10-50;*
32.16;30-50;10-50;*
40.68;30-50;10-50;*
27.57;10-30;10-50;*
37.74;30-50;10-50;*
21.69;10-30;10-50;*
20.71;10-30;10-50;*
34.95;30-50;10-50;*
32.56;30-50;10-50;*
27.48;10-30;10-50;*
18.45;10-30;10-50;*
37.08;30-50;10-50;*
40.76;30-50;10-50;*
35.71;30-50;10-50;*
14.89;10-30;10-50;*
36.83;30-50;10-50;*
30.91;30-50;10-50;*
38.53;30-50;10-50;*
39.35;30-50;10-50;*
28.95;10-30;10-50;*
34.21;30-50;10-50;*
28.88;10-30;10-50;*
32.65;30-50;10-50;*
37.04;30-50;10-50;*
23.84;10-30;10-50;*
28.18;10-30;10-50;*
42.76;30-50;10-50;*
17.83;10-30;10-50;*
60.27;50-70;50-90;*
28.33;10-30;10-50;*
20.87;10-30;10-50;*
37.17;30-50;10-50;*
18.04;10-30;10-50;*
26.8;10-30;10-50;*
17.24;10-30;10-50;*
33.69;30-50;10-50;*
17.4;10-30;10-50;*
28.92;10-30;10-50;*
16.8;10-30;10-50;*
15.42;10-30;10-50;*
27.79;10-30;10-50;*
36.16;30-50;10-50;*
36.21;30-50;10-50;*
20.29;10-30;10-50;*
36.86;30-50;10-50;*
35.95;30-50;10-50;*
17.91;10-30;10-50;*
11.39;10-30;10-50;*
33.55;30-50;10-50;*
36.33;30-50;10-50;*
25.81;10-30;10-50;*
24.01;10-30;10-50;*
20.73;10-30;10-50;*
19.41;10-30;10-50;*
27.96;10-30;10-50;*
27.88;10-30;10-50;*
18.54;10-30;10-50;*
41.2;30-50;10-50;*
32.49;30-50;10-50;*
23.03;10-30;10-50;*
29.88;10-30;10-50;*
38.19;30-50;10-50;*
27.28;10-30;10-50;*
43.09;30-50;10-50;*
31.95;30-50;10-50;*
29.21;10-30;10-50;*
31.09;30-50;10-50;*
31.81;30-50;10-50;*
39.68;30-50;10-50;*
50.07;50-70;50-90;*
14.6;10-30;10-50;*
42.92;30-50;10-50;*
30.64;30-50;10-50;*
13.78;10-30;10-50;*
35.14;30-50;10-50;*
33.53;30-50;10-50;*
16.09;10-30;10-50;*
18.91;10-30;10-50;*
32.98;30-50;10-50;*
26.18;10-30;10-50;*
41.27;30-50;10-50;*
53.94;50-70;50-90;*
31.74;30-50;10-50;*
32.63;30-50;10-50;*
54.79;50-70;50-90;*
27.31;10-30;10-50;*
38.96;30-50;10-50;*
36.75;30-50;10-50;*
40.25;30-50;10-50;*
13.56;10-30;10-50;*
40.3;30-50;10-50;*
25.17;10-30;10-50;*
38.79;30-50;10-50;*
22.25;10-30;10-50;*
27.15;10-30;10-50;*
40.56;30-50;10-50;*
36.55;30-50;10-50;*
13.55;10-30;10-50;*
30.7;30-50;10-50;*
28.55;10-30;10-50;*
39.49;30-50;10-50;*
32.87;30-50;10-50;*
44.83;30-50;10-50;*
42.61;30-50;10-50;*
16.58;10-30;10-50;*
20.07;10-30;10-50;*
44.64;30-50;10-50;*
44.11;30-50;10-50;*
34.16;30-50;10-50;*
41.49;30-50;10-50;*
34.05;30-50;10-50;*
20.85;10-30;10-50;*
36.92;30-50;10-50;*
32.23;30-50;10-50;*
34.6;30-50;10-50;*
33.94;30-50;10-50;*
35.04;30-50;10-50;*
18.18;10-30;10-50;*
49.28;30-50;10-50;*
38.83;30-50;10-50;*
36.25;30-50;10-50;*
22.15;10-30;10-50;*
37.34;30-50;10-50;*
34.53;30-50;10-50;*
36.65;30-50;10-50;*
30.46;30-50;10-50;*
49.57;30-50;10-50;*
36.98;30-50;10-50;*
30.51;30-50;10-50;*
40.99;30-50;10-50;*
29.03;10-30;10-50;*
22.52;10-30;10-50;*
20.0;10-30;10-50;*
13.65;10-30;10-50;*
14.51;10-30;10-50;*
14.2;10-30;10-50;*
23.23;10-30;10-50;*
43.26;30-50;10-50;*
39.37;30-50;10-50;*
34.91;30-50;10-50;*
29.57;10-30;10-50;*
16.72;10-30;10-50;*
13.05;10-30;10-50;*
23.62;10-30;10-50;*
28.56;10-30;10-50;*
19.45;10-30;10-50;*
15.63;10-30;10-50;*
35.87;30-50;10-50;*
38.13;30-50;10-50;*
41.58;30-50;10-50;*
37.0;30-50;10-50;*
38.16;30-50;10-50;*
32.29;30-50;10-50;*
39.78;30-50;10-50;*
25.02;10-30;10-50;*
26.58;10-30;10-50;*
15.85;10-30;10-50;*
45.87;30-50;10-50;*
36.84;30-50;10-50;*
39.32;30-50;10-50;*
42.1;30-50;10-50;*
31.37;30-50;10-50;*
17.71;10-30;10-50;*
39.54;30-50;10-50;*
35.99;30-50;10-50;*
41.8;30-50;10-50;*
30.17;30-50;10-50;*
32.93;30-50;10-50;*
18.89;10-30;10-50;*
33.77;30-50;10-50;*
48.13;30-50;10-50;*
31.8;30-50;10-50;*
45.15;30-50;10-50;*
46.02;30-50;10-50;*
34.51;30-50;10-50;*
25.26;10-30;10-50;*
50.14;50-70;50-90;*
45.93;30-50;10-50;*
28.05;10-30;10-50;*
35.11;30-50;10-50;*
20.7;10-30;10-50;*
17.82;10-30;10-50;*
44.48;30-50;10-50;*
33.05;30-50;10-50;*
36.04;30-50;10-50;*
43.59;30-50;10-50;*
44.8;30-50;10-50;*
37.93;30-50;10-50;*
32.43;30-50;10-50;*
37.19;30-50;10-50;*
46.33;30-50;10-50;*
41.25;30-50;10-50;*
14.83;10-30;10-50;*
45.43;30-50;10-50;*
25.86;10-30;10-50;*
39.98;30-50;10-50;*
21.92;10-30;10-50;*
30.52;30-50;10-50;*
38.4;30-50;10-50;*
33.29;30-50;10-50;*
31.51;30-50;10-50;*
37.41;30-50;10-50;*
21.18;10-30;10-50;*
46.42;30-50;10-50;*
20.11;10-30;10-50;*
36.22;30-50;10-50;*
23.36;10-30;10-50;*
43.05;30-50;10-50;*
39.65;30-50;10-50;*
34.06;30-50;10-50;*
25.87;10-30;10-50;*
14.02;10-30;10-50;*
22.72;10-30;10-50;*
21.59;10-30;10-50;*
59.27;50-70;50-90;*
43.8;30-50;10-50;*
46.45;30-50;10-50;*
28.67;10-30;10-50;*
54.91;50-70;50-90;*
52.49;50-70;50-90;*
31.04;30-50;10-50;*
47.92;30-50;10-50;*
33.07;30-50;10-50;*
37.01;30-50;10-50;*
20.63;10-30;10-50;*
47.98;30-50;10-50;*
14.01;10-30;10-50;*
36.2;30-50;10-50;*
27.38;10-30;10-50;*
42.93;30-50;10-50;*
15.95;10-30;10-50;*
12.38;10-30;10-50;*
22.75;10-30;10-50;*
46.64;30-50;10-50;*
54.0;50-70;50-90;*
35.17;30-50;10-50;*
26.22;10-30;10-50;*
40.14;30-50;10-50;*
30.32;30-50;10-50;*
15.4;10-30;10-50;*
39.42;30-50;10-50;*
35.52;30-50;10-50;*
15.25;10-30;10-50;*
17.65;10-30;10-50;*
36.66;30-50;10-50;*
18.64;10-30;10-50;*
47.16;30-50;10-50;*
18.46;10-30;10-50;*
33.09;30-50;10-50;*
28.06;10-30;10-50;*
46.51;30-50;10-50;*
15.49;10-30;10-50;*
16.06;10-30;10-50;*
14.78;10-30;10-50;*
26.86;10-30;10-50;*
20.84;10-30;10-50;*
37.94;30-50;10-50;*
47.54;30-50;10-50;*
38.06;30-50;10-50;*
13.5;10-30;10-50;*
31.67;30-50;10-50;*
49.04;30-50;10-50;*
36.28;30-50;10-50;*
30.26;30-50;10-50;*
69.66;50-70;50-90;*
40.07;30-50;10-50;*
18.85;10-30;10-50;*
32.68;30-50;10-50;*
64.23;50-70;50-90;*
27.49;10-30;10-50;*
43.22;30-50;10-50;*
41.86;30-50;10-50;*
35.51;30-50;10-50;*
35.28;30-50;10-50;*
38.15;30-50;10-50;*
42.55;30-50;10-50;*
18.19;10-30;10-50;*
24.32;10-30;10-50;*
53.39;50-70;50-90;*
18.87;10-30;10-50;*
14.71;10-30;10-50;*
32.69;30-50;10-50;*
17.31;10-30;10-50;*
14.17;10-30;10-50;*
44.98;30-50;10-50;*
39.07;30-50;10-50;*
41.69;30-50;10-50;*
15.47;10-30;10-50;*
18.79;10-30;10-50;*
31.77;30-50;10-50;*
32.64;30-50;10-50;*
18.34;10-30;10-50;*
28.38;10-30;10-50;*
14.49;10-30;10-50;*
36.34;30-50;10-50;*
42.3;30-50;10-50;*
14.92;10-30;10-50;*
41.5;30-50;10-50;*
14.06;10-30;10-50;*
29.37;10-30;10-50;*
27.95;10-30;10-50;*
32.06;30-50;10-50;*
32.46;30-50;10-50;*
34.37;30-50;10-50;*
16.18;10-30;10-50;*
15.76;10-30;10-50;*
14.63;10-30;10-50;*
11.01;10-30;10-50;*
23.01;10-30;10-50;*
43.4;30-50;10-50;*
14.66;10-30;10-50;*
32.4;30-50;10-50;*
43.5;30-50;10-50;*
15.92;10-30;10-50;*
41.05;30-50;10-50;*
29.85;10-30;10-50;*
29.14;10-30;10-50;*
33.17;30-50;10-50;*
14.1;10-30;10-50;*
23.53;10-30;10-50;*
31.18;30-50;10-50;*
44.34;30-50;10-50;*
43.74;30-50;10-50;*
19.02;10-30;10-50;*
17.81;10-30;10-50;*
39.67;30-50;10-50;*
16.04;10-30;10-50;*
39.72;30-50;10-50;*
14.16;10-30;10-50;*
24.47;10-30;10-50;*
21.31;10-30;10-50;*
17.96;10-30;10-50;*
27.51;10-30;10-50;*
36.26;30-50;10-50;*
41.0;30-50;10-50;*
18.25;10-30;10-50;*
16.32;10-30;10-50;*
49.56;30-50;10-50;*
19.63;10-30;10-50;*
43.94;30-50;10-50;*
44.09;30-50;10-50;*
36.88;30-50;10-50;*
23.14;10-30;10-50;*
18.47;10-30;10-50;*
44.71;30-50;10-50;*
22.91;10-30;10-50;*
29.07;10-30;10-50;*
18.11;10-30;10-50;*
22.49;10-30;10-50;*
26.16;10-30;10-50;*
18.13;10-30;10-50;*
26.52;10-30;10-50;*
43.9;30-50;10-50;*
20.83;10-30;10-50;*
38.54;30-50;10-50;*
59.56;50-70;50-90;*
21.77;10-30;10-50;*
42.37;30-50;10-50;*
18.37;10-30;10-50;*
41.75;30-50;10-50;*
18.35;10-30;10-50;*
33.91;30-50;10-50;*
52.1;50-70;50-90;*
58.82;50-70;50-90;*
34.65;30-50;10-50;*
19.12;10-30;10-50;*
21.39;10-30;10-50;*
44.43;30-50;10-50;*
16.83;10-30;10-50;*
19.53;10-30;10-50;*
32.14;30-50;10-50;*
18.94;10-30;10-50;*
44.99;30-50;10-50;*
20.79;10-30;10-50;*
14.97;10-30;10-50;*
41.32;30-50;10-50;*
29.19;10-30;10-50;*
39.8;30-50;10-50;*
16.1;10-30;10-50;*
13.8;10-30;10-50;*
39.11;30-50;10-50;*
34.84;30-50;10-50;*
23.92;10-30;10-50;*
32.48;30-50;10-50;*
39.48;30-50;10-50;*
42.7;30-50;10-50;*
31.96;30-50;10-50;*
44.4;30-50;10-50;*
42.87;30-50;10-50;*
37.97;30-50;10-50;*
50.15;50-70;50-90;*
15.18;10-30;10-50;*
40.91;30-50;10-50;*
15.26;10-30;10-50;*
20.44;10-30;10-50;*
15.17;10-30;10-50;*
39.53;30-50;10-50;*
16.27;10-30;10-50;*
29.42;10-30;10-50;*
21.48;10-30;10-50;*
35.08;30-50;10-50;*
33.38;30-50;10-50;*
25.43;10-30;10-50;*
41.13;30-50;10-50;*
47.97;30-50;10-50;*
24.91;10-30;10-50;*
33.06;30-50;10-50;*
34.34;30-50;10-50;*
39.4;30-50;10-50;*
22.81;10-30;10-50;*
39.99;30-50;10-50;*
17.56;10-30;10-50;*
38.31;30-50;10-50;*
49.2;30-50;10-50;*
30.79;30-50;10-50;*
32.55;30-50;10-50;*
35.67;30-50;10-50;*
34.72;30-50;10-50;*
20.55;10-30;10-50;*
39.71;30-50;10-50;*
42.52;30-50;10-50;*
28.44;10-30;10-50;*
18.17;10-30;10-50;*
58.16;50-70;50-90;*
20.86;10-30;10-50;*
46.0;30-50;10-50;*
32.41;30-50;10-50;*
19.56;10-30;10-50;*
23.66;10-30;10-50;*
16.48;10-30;10-50;*
19.98;10-30;10-50;*
30.59;30-50;10-50;*
22.5;10-30;10-50;*
15.35;10-30;10-50;*
29.78;10-30;10-50;*
26.19;10-30;10-50;*
20.72;10-30;10-50;*
37.66;30-50;10-50;*
31.58;30-50;10-50;*
41.91;30-50;10-50;*
28.21;10-30;10-50;*
36.91;30-50;10-50;*
38.72;30-50;10-50;*
27.06;10-30;10-50;*
41.63;30-50;10-50;*
17.02;10-30;10-50;*
34.73;30-50;10-50;*
11.0;10-30;10-50;*
30.08;30-50;10-50;*
63.18;50-70;50-90;*
35.46;30-50;10-50;*
39.61;30-50;10-50;*
39.33;30-50;10-50;*
19.09;10-30;10-50;*
39.64;30-50;10-50;*
61.85;50-70;50-90;*
40.53;30-50;10-50;*
50.29;50-70;50-90;*
34.92;30-50;10-50;*
44.94;30-50;10-50;*
53.29;50-70;50-90;*
45.36;30-50;10-50;*
45.91;30-50;10-50;*
36.56;30-50;10-50;*
12.65;10-30;10-50;*
49.74;30-50;10-50;*
16.99;10-30;10-50;*
33.43;30-50;10-50;*
19.32;10-30;10-50;*
36.95;30-50;10-50;*
15.41;10-30;10-50;*
14.85;10-30;10-50;*
24.86;10-30;10-50;*
46.56;30-50;10-50;*
44.45;30-50;10-50;*
47.61;30-50;10-50;*
41.12;30-50;10-50;*
49.25;30-50;10-50;*
34.59;30-50;10-50;*
50.96;50-70;50-90;*
50.08;50-70;50-90;*
36.68;30-50;10-50;*
17.45;10-30;10-50;*
13.29;10-30;10-50;*
29.82;10-30;10-50;*
16.46;10-30;10-50;*
42.58;30-50;10-50;*
35.54;30-50;10-50;*
28.02;10-30;10-50;*
47.01;30-50;10-50;*
24.24;10-30;10-50;*
20.61;10-30;10-50;*
44.05;30-50;10-50;*
49.44;30-50;10-50;*
47.03;30-50;10-50;*
11.88;10-30;10-50;*
15.68;10-30;10-50;*
32.35;30-50;10-50;*
42.82;30-50;10-50;*
17.62;10-30;10-50;*
45.1;30-50;10-50;*
58.24;50-70;50-90;*
18.12;10-30;10-50;*
19.75;10-30;10-50;*
26.44;10-30;10-50;*
19.61;10-30;10-50;*
41.15;30-50;10-50;*
48.16;30-50;10-50;*
34.01;30-50;10-50;*
32.45;30-50;10-50;*
43.78;30-50;10-50;*
34.99;30-50;10-50;*
37.6;30-50;10-50;*
16.07;10-30;10-50;*
20.58;10-30;10-50;*
24.61;10-30;10-50;*
42.51;30-50;10-50;*
17.29;10-30;10-50;*
37.39;30-50;10-50;*
13.63;10-30;10-50;*
38.57;30-50;10-50;*
42.27;30-50;10-50;*
41.56;30-50;10-50;*
34.64;30-50;10-50;*
51.64;50-70;50-90;*
43.93;30-50;10-50;*
49.8;30-50;10-50;*
53.22;50-70;50-90;*
13.42;10-30;10-50;*
21.98;10-30;10-50;*
50.1;50-70;50-90;*
51.84;50-70;50-90;*
12.25;10-30;10-50;*
35.96;30-50;10-50;*
35.84;30-50;10-50;*
42.72;30-50;10-50;*
30.3;30-50;10-50;*
45.72;30-50;10-50;*
31.62;30-50;10-50;*
35.65;30-50;10-50;*
39.25;30-50;10-50;*
16.9;10-30;10-50;*
33.96;30-50;10-50;*
15.34;10-30;10-50;*
25.35;10-30;10-50;*
17.26;10-30;10-50;*
42.23;30-50;10-50;*
33.87;30-50;10-50;*
17.35;10-30;10-50;*
38.94;30-50;10-50;*
21.26;10-30;10-50;*
41.34;30-50;10-50;*
39.6;30-50;10-50;*
29.32;10-30;10-50;*
30.92;30-50;10-50;*
56.47;50-70;50-90;*
18.59;10-30;10-50;*
20.81;10-30;10-50;*
33.23;30-50;10-50;*
20.68;10-30;10-50;*
22.45;10-30;10-50;*
33.61;30-50;10-50;*
44.54;30-50;10-50;*
58.06;50-70;50-90;*
23.74;10-30;10-50;*
46.19;30-50;10-50;*
43.61;30-50;10-50;*
17.99;10-30;10-50;*
29.12;10-30;10-50;*
35.62;30-50;10-50;*
13.58;10-30;10-50;*
38.73;30-50;10-50;*
47.31;30-50;10-50;*
15.58;10-30;10-50;*
15.77;10-30;10-50;*
34.18;30-50;10-50;*
16.94;10-30;10-50;*
52.07;50-70;50-90;*
33.99;30-50;10-50;*
40.19;30-50;10-50;*
32.86;30-50;10-50;*
27.64;10-30;10-50;*
29.33;10-30;10-50;*
16.93;10-30;10-50;*
41.09;30-50;10-50;*
23.78;10-30;10-50;*
37.03;30-50;10-50;*
13.6;10-30;10-50;*
48.99;30-50;10-50;*
45.29;30-50;10-50;*
36.07;30-50;10-50;*
24.79;10-30;10-50;*
40.15;30-50;10-50;*
46.52;30-50;10-50;*
43.58;30-50;10-50;*
18.32;10-30;10-50;*
47.13;30-50;10-50;*
17.48;10-30;10-50;*
42.86;30-50;10-50;*
18.05;10-30;10-50;*
37.68;30-50;10-50;*
54.06;50-70;50-90;*
35.37;30-50;10-50;*
36.77;30-50;10-50;*
42.95;30-50;10-50;*
15.67;10-30;10-50;*
50.11;50-70;50-90;*
31.45;30-50;10-50;*
17.74;10-30;10-50;*
12.9;10-30;10-50;*
19.92;10-30;10-50;*
42.09;30-50;10-50;*
40.79;30-50;10-50;*
11.31;10-30;10-50;*
39.84;30-50;10-50;*
14.34;10-30;10-50;*
39.74;30-50;10-50;*
37.58;30-50;10-50;*
17.67;10-30;10-50;*
39.62;30-50;10-50;*
35.73;30-50;10-50;*
46.86;30-50;10-50;*
13.41;10-30;10-50;*
44.95;30-50;10-50;*
21.68;10-30;10-50;*
53.44;50-70;50-90;*
13.4;10-30;10-50;*
49.97;30-50;10-50;*
30.44;30-50;10-50;*
25.75;10-30;10-50;*
31.03;30-50;10-50;*
43.85;30-50;10-50;*
41.77;30-50;10-50;*
53.31;50-70;50-90;*
16.47;10-30;10-50;*
55.1;50-70;50-90;*
17.75;10-30;10-50;*
29.31;10-30;10-50;*
40.36;30-50;10-50;*
21.44;10-30;10-50;*
14.07;10-30;10-50;*
33.67;30-50;10-50;*
40.72;30-50;10-50;*
18.69;10-30;10-50;*
22.12;10-30;10-50;*
39.52;30-50;10-50;*
19.1;10-30;10-50;*
37.56;30-50;10-50;*
20.35;10-30;10-50;*
15.87;10-30;10-50;*
41.92;30-50;10-50;*
19.88;10-30;10-50;*
40.89;30-50;10-50;*
30.89;30-50;10-50;*
45.26;30-50;10-50;*
21.55;10-30;10-50;*
34.36;30-50;10-50;*
39.77;30-50;10-50;*
25.36;10-30;10-50;*
49.41;30-50;10-50;*
48.24;30-50;10-50;*
27.13;10-30;10-50;*
23.61;10-30;10-50;*
34.56;30-50;10-50;*
59.59;50-70;50-90;*
18.73;10-30;10-50;*
20.62;10-30;10-50;*
35.12;30-50;10-50;*
37.47;30-50;10-50;*
14.64;10-30;10-50;*
33.71;30-50;10-50;*
36.52;30-50;10-50;*
37.61;30-50;10-50;*
33.15;30-50;10-50;*
37.48;30-50;10-50;*
42.31;30-50;10-50;*
36.24;30-50;10-50;*
38.89;30-50;10-50;*
37.11;30-50;10-50;*
49.7;30-50;10-50;*
34.08;30-50;10-50;*
17.55;10-30;10-50;*
45.05;30-50;10-50;*
40.73;30-50;10-50;*
13.37;10-30;10-50;*
43.73;30-50;10-50;*
43.12;30-50;10-50;*
63.3;50-70;50-90;*
36.72;30-50;10-50;*
14.74;10-30;10-50;*
17.36;10-30;10-50;*
21.5;10-30;10-50;*
14.3;10-30;10-50;*
56.5;50-70;50-90;*
37.96;30-50;10-50;*
47.1;30-50;10-50;*
27.62;10-30;10-50;*
19.19;10-30;10-50;*
39.79;30-50;10-50;*
14.72;10-30;10-50;*
44.26;30-50;10-50;*
25.89;10-30;10-50;*
41.02;30-50;10-50;*
37.49;30-50;10-50;*
62.99;50-70;50-90;*
20.02;10-30;10-50;*
41.81;30-50;10-50;*
15.96;10-30;10-50;*
27.55;10-30;10-50;*
16.62;10-30;10-50;*
62.55;50-70;50-90;*
33.88;30-50;10-50;*
18.63;10-30;10-50;*
39.56;30-50;10-50;*
17.63;10-30;10-50;*
39.06;30-50;10-50;*
28.46;10-30;10-50;*
41.18;30-50;10-50;*
38.28;30-50;10-50;*
55.98;50-70;50-90;*
19.66;10-30;10-50;*
54.09;50-70;50-90;*
39.55;30-50;10-50;*
18.95;10-30;10-50;*
23.64;10-30;10-50;*
32.71;30-50;10-50;*
35.19;30-50;10-50;*
33.25;30-50;10-50;*
29.72;10-30;10-50;*
28.85;10-30;10-50;*
43.2;30-50;10-50;*
43.17;30-50;10-50;*
13.17;10-30;10-50;*
39.41;30-50;10-50;*
35.09;30-50;10-50;*
51.75;50-70;50-90;*
34.82;30-50;10-50;*
43.54;30-50;10-50;*
14.09;10-30;10-50;*
36.1;30-50;10-50;*
36.37;30-50;10-50;*
35.82;30-50;10-50;*
53.89;50-70;50-90;*
44.17;30-50;10-50;*
13.27;10-30;10-50;*
18.77;10-30;10-50;*
16.63;10-30;10-50;*
12.84;10-30;10-50;*
34.48;30-50;10-50;*
16.11;10-30;10-50;*
35.92;30-50;10-50;*
24.04;10-30;10-50;*
15.16;10-30;10-50;*
44.46;30-50;10-50;*
15.23;10-30;10-50;*
51.4;50-70;50-90;*
47.3;30-50;10-50;*
42.46;30-50;10-50;*
14.38;10-30;10-50;*
37.62;30-50;10-50;*
40.58;30-50;10-50;*
20.49;10-30;10-50;*
37.95;30-50;10-50;*
15.89;10-30;10-50;*
10.64;10-30;10-50;*
52.43;50-70;50-90;*
43.6;30-50;10-50;*
45.44;30-50;10-50;*
18.58;10-30;10-50;*
39.14;30-50;10-50;*
39.86;30-50;10-50;*
42.22;30-50;10-50;*
35.81;30-50;10-50;*
45.24;30-50;10-50;*
24.07;10-30;10-50;*
33.34;30-50;10-50;*
52.3;50-70;50-90;*
44.33;30-50;10-50;*
25.47;10-30;10-50;*
47.29;30-50;10-50;*
40.92;30-50;10-50;*
19.83;10-30;10-50;*
45.82;30-50;10-50;*
41.79;30-50;10-50;*
15.27;10-30;10-50;*
39.51;30-50;10-50;*
39.83;30-50;10-50;*
51.39;50-70;50-90;*
34.66;30-50;10-50;*
37.52;30-50;10-50;*
41.52;30-50;10-50;*
52.22;50-70;50-90;*
29.5;10-30;10-50;*
38.38;30-50;10-50;*
17.39;10-30;10-50;*
47.5;30-50;10-50;*
41.47;30-50;10-50;*
15.39;10-30;10-50;*
33.35;30-50;10-50;*
41.26;30-50;10-50;*
43.89;30-50;10-50;*
17.16;10-30;10-50;*
35.38;30-50;10-50;*
41.94;30-50;10-50;*
44.93;30-50;10-50;*
45.51;30-50;10-50;*
45.76;30-50;10-50;*
19.58;10-30;10-50;*
35.29;30-50;10-50;*
22.07;10-30;10-50;*
55.95;50-70;50-90;*
44.07;30-50;10-50;*
13.74;10-30;10-50;*
52.57;50-70;50-90;*
13.98;10-30;10-50;*
13.25;10-30;10-50;*
37.69;30-50;10-50;*
39.76;30-50;10-50;*
40.66;30-50;10-50;*
46.81;30-50;10-50;*
55.26;50-70;50-90;*
34.71;30-50;10-50;*
19.59;10-30;10-50;*
47.68;30-50;10-50;*
29.47;10-30;10-50;*
32.09;30-50;10-50;*
33.39;30-50;10-50;*
23.02;10-30;10-50;*
40.16;30-50;10-50;*
35.59;30-50;10-50;*
33.97;30-50;10-50;*
49.14;30-50;10-50;*
18.81;10-30;10-50;*
40.38;30-50;10-50;*
14.57;10-30;10-50;*
36.32;30-50;10-50;*
33.46;30-50;10-50;*
16.56;10-30;10-50;*
41.23;30-50;10-50;*
52.14;50-70;50-90;*
14.56;10-30;10-50;*
28.93;10-30;10-50;*
14.39;10-30;10-50;*
46.24;30-50;10-50;*
44.58;30-50;10-50;*
21.01;10-30;10-50;*
20.32;10-30;10-50;*
53.38;50-70;50-90;*
43.95;30-50;10-50;*
49.92;30-50;10-50;*
48.33;30-50;10-50;*
48.62;30-50;10-50;*
14.22;10-30;10-50;*
14.58;10-30;10-50;*
43.86;30-50;10-50;*
15.22;10-30;10-50;*
42.59;30-50;10-50;*
40.55;30-50;10-50;*
33.68;30-50;10-50;*
32.59;30-50;10-50;*
25.73;10-30;10-50;*
58.66;50-70;50-90;*
21.86;10-30;10-50;*
49.06;30-50;10-50;*
43.24;30-50;10-50;*
14.48;10-30;10-50;*
36.46;30-50;10-50;*
37.36;30-50;10-50;*
44.44;30-50;10-50;*
34.55;30-50;10-50;*
57.15;50-70;50-90;*
40.06;30-50;10-50;*
42.74;30-50;10-50;*
13.86;10-30;10-50;*
37.46;30-50;10-50;*
39.73;30-50;10-50;*
36.36;30-50;10-50;*
28.01;10-30;10-50;*
14.32;10-30;10-50;*
51.44;50-70;50-90;*
50.26;50-70;50-90;*
48.36;30-50;10-50;*
56.25;50-70;50-90;*
22.09;10-30;10-50;*
36.41;30-50;10-50;*
47.38;30-50;10-50;*
45.48;30-50;10-50;*
39.1;30-50;10-50;*
23.99;10-30;10-50;*
40.2;30-50;10-50;*
38.84;30-50;10-50;*
37.22;30-50;10-50;*
13.52;10-30;10-50;*
44.15;30-50;10-50;*
13.31;10-30;10-50;*
12.4;10-30;10-50;*
22.41;10-30;10-50;*
46.84;30-50;10-50;*
37.64;30-50;10-50;*
50.18;50-70;50-90;*
48.58;30-50;10-50;*
43.21;30-50;10-50;*
38.39;30-50;10-50;*
51.49;50-70;50-90;*
34.47;30-50;10-50;*
27.78;10-30;10-50;*
18.01;10-30;10-50;*
12.21;10-30;10-50;*
32.52;30-50;10-50;*
17.21;10-30;10-50;*
15.04;10-30;10-50;*
20.21;10-30;10-50;*
45.34;30-50;10-50;*
41.36;30-50;10-50;*
41.68;30-50;10-50;*
43.06;30-50;10-50;*
47.89;30-50;10-50;*
18.41;10-30;10-50;*
43.64;30-50;10-50;*
45.17;30-50;10-50;*
48.5;30-50;10-50;*
43.91;30-50;10-50;*
11.34;10-30;10-50;*
59.22;50-70;50-90;*
39.43;30-50;10-50;*
50.8;50-70;50-90;*
18.72;10-30;10-50;*
40.7;30-50;10-50;*
40.09;30-50;10-50;*
62.22;50-70;50-90;*
31.54;30-50;10-50;*
61.68;50-70;50-90;*
17.52;10-30;10-50;*
60.53;50-70;50-90;*
32.51;30-50;10-50;*
52.69;50-70;50-90;*
46.28;30-50;10-50;*
36.6;30-50;10-50;*
39.13;30-50;10-50;*
41.06;30-50;10-50;*
42.19;30-50;10-50;*
21.49;10-30;10-50;*
19.54;10-30;10-50;*
66.88;50-70;50-90;*
12.39;10-30;10-50;*
13.2;10-30;10-50;*
38.7;30-50;10-50;*
22.62;10-30;10-50;*
15.32;10-30;10-50;*
43.51;30-50;10-50;*
41.1;30-50;10-50;*
37.09;30-50;10-50;*
15.01;10-30;10-50;*
53.78;50-70;50-90;*
52.39;50-70;50-90;*
66.48;50-70;50-90;*
40.18;30-50;10-50;*
48.23;30-50;10-50;*
45.78;30-50;10-50;*
19.18;10-30;10-50;*
58.31;50-70;50-90;*
46.17;30-50;10-50;*
14.84;10-30;10-50;*
38.21;30-50;10-50;*
37.18;30-50;10-50;*
38.46;30-50;10-50;*
41.85;30-50;10-50;*
11.43;10-30;10-50;*
17.66;10-30;10-50;*
33.85;30-50;10-50;*
48.1;30-50;10-50;*
39.87;30-50;10-50;*
12.95;10-30;10-50;*
61.67;50-70;50-90;*
42.65;30-50;10-50;*
13.69;10-30;10-50;*
46.46;30-50;10-50;*
53.58;50-70;50-90;*
20.65;10-30;10-50;*
64.61;50-70;50-90;*
51.65;50-70;50-90;*
46.09;30-50;10-50;*
26.99;10-30;10-50;*
49.31;30-50;10-50;*
35.33;30-50;10-50;*
36.63;30-50;10-50;*
43.39;30-50;10-50;*
38.32;30-50;10-50;*
48.83;30-50;10-50;*
48.96;30-50;10-50;*
33.44;30-50;10-50;*
46.48;30-50;10-50;*
51.66;50-70;50-90;*
49.15;30-50;10-50;*
41.03;30-50;10-50;*
14.41;10-30;10-50;*
39.31;30-50;10-50;*
20.92;10-30;10-50;*
13.9;10-30;10-50;*
11.82;10-30;10-50;*
14.26;10-30;10-50;*
36.59;30-50;10-50;*
19.49;10-30;10-50;*
37.38;30-50;10-50;*
41.04;30-50;10-50;*
43.57;30-50;10-50;*
27.68;10-30;10-50;*
43.43;30-50;10-50;*
40.6;30-50;10-50;*
15.13;10-30;10-50;*
48.39;30-50;10-50;*
40.27;30-50;10-50;*
50.53;50-70;50-90;*
45.27;30-50;10-50;*
40.74;30-50;10-50;*
44.08;30-50;10-50;*
40.83;30-50;10-50;*
59.6;50-70;50-90;*
13.36;10-30;10-50;*
37.81;30-50;10-50;*
54.25;50-70;50-90;*
41.07;30-50;10-50;*
49.6;30-50;10-50;*
35.26;30-50;10-50;*
54.39;50-70;50-90;*
15.05;10-30;10-50;*
55.11;50-70;50-90;*
36.97;30-50;10-50;*
45.39;30-50;10-50;*
56.94;50-70;50-90;*
28.91;10-30;10-50;*
45.89;30-50;10-50;*
39.44;30-50;10-50;*
43.07;30-50;10-50;*
43.25;30-50;10-50;*
38.37;30-50;10-50;*
40.54;30-50;10-50;*
49.1;30-50;10-50;*
41.3;30-50;10-50;*
18.33;10-30;10-50;*
36.81;30-50;10-50;*
15.91;10-30;10-50;*
35.97;30-50;10-50;*
36.79;30-50;10-50;*
53.08;50-70;50-90;*
39.05;30-50;10-50;*
50.5;50-70;50-90;*
53.02;50-70;50-90;*
35.85;30-50;10-50;*
12.82;10-30;10-50;*
49.58;30-50;10-50;*
53.05;50-70;50-90;*
18.53;10-30;10-50;*
51.86;50-70;50-90;*
38.67;30-50;10-50;*
40.75;30-50;10-50;*
50.56;50-70;50-90;*
42.91;30-50;10-50;*
47.37;30-50;10-50;*
50.78;50-70;50-90;*
47.6;30-50;10-50;*
12.78;10-30;10-50;*
19.24;10-30;10-50;*
43.0;30-50;10-50;*
41.21;30-50;10-50;*
14.47;10-30;10-50;*
42.21;30-50;10-50;*
26.84;10-30;10-50;*
58.54;50-70;50-90;*
40.47;30-50;10-50;*
38.85;30-50;10-50;*
53.33;50-70;50-90;*
39.95;30-50;10-50;*
47.76;30-50;10-50;*
14.62;10-30;10-50;*
15.08;10-30;10-50;*
51.73;50-70;50-90;*
38.61;30-50;10-50;*
13.75;10-30;10-50;*
53.42;50-70;50-90;*
14.87;10-30;10-50;*
13.89;10-30;10-50;*
46.92;30-50;10-50;*
41.93;30-50;10-50;*
39.18;30-50;10-50;*
26.82;10-30;10-50;*
45.55;30-50;10-50;*
37.63;30-50;10-50;*
38.59;30-50;10-50;*
36.14;30-50;10-50;*
40.71;30-50;10-50;*
54.48;50-70;50-90;*
48.3;30-50;10-50;*
43.11;30-50;10-50;*
61.56;50-70;50-90;*
41.73;30-50;10-50;*
46.26;30-50;10-50;*
43.02;30-50;10-50;*
33.93;30-50;10-50;*
23.22;10-30;10-50;*
36.69;30-50;10-50;*
49.42;30-50;10-50;*
45.67;30-50;10-50;*
13.38;10-30;10-50;*
12.69;10-30;10-50;*
36.43;30-50;10-50;*
42.5;30-50;10-50;*
37.71;30-50;10-50;*
60.89;50-70;50-90;*
42.17;30-50;10-50;*
47.47;30-50;10-50;*
35.03;30-50;10-50;*
46.65;30-50;10-50;*
27.84;10-30;10-50;*
44.63;30-50;10-50;*
38.82;30-50;10-50;*
43.34;30-50;10-50;*
30.39;30-50;10-50;*
26.94;10-30;10-50;*
15.84;10-30;10-50;*
22.47;10-30;10-50;*
58.45;50-70;50-90;*
31.87;30-50;10-50;*
45.62;30-50;10-50;*
44.85;30-50;10-50;*
48.53;30-50;10-50;*
43.35;30-50;10-50;*
37.84;30-50;10-50;*
73.77;70-90;50-90;*
55.92;50-70;50-90;*
10.59;10-30;10-50;*
51.04;50-70;50-90;*
42.47;30-50;10-50;*
45.52;30-50;10-50;*
50.35;50-70;50-90;*
16.38;10-30;10-50;*
67.53;50-70;50-90;*
42.2;30-50;10-50;*
41.67;30-50;10-50;*
38.44;30-50;10-50;*
79.48;70-90;50-90;*
44.3;30-50;10-50;*
32.15;30-50;10-50;*
46.37;30-50;10-50;*
55.19;50-70;50-90;*
48.71;30-50;10-50;*
37.77;30-50;10-50;*
34.93;30-50;10-50;*
43.92;30-50;10-50;*
45.35;30-50;10-50;*
53.59;50-70;50-90;*
58.26;50-70;50-90;*
31.22;30-50;10-50;*
43.63;30-50;10-50;*
39.12;30-50;10-50;*
38.74;30-50;10-50;*
16.31;10-30;10-50;*
35.32;30-50;10-50;*
42.02;30-50;10-50;*
52.5;50-70;50-90;*
55.75;50-70;50-90;*
44.9;30-50;10-50;*
14.33;10-30;10-50;*
47.48;30-50;10-50;*
45.33;30-50;10-50;*
40.43;30-50;10-50;*
47.65;30-50;10-50;*
43.83;30-50;10-50;*
14.88;10-30;10-50;*
46.23;30-50;10-50;*
33.13;30-50;10-50;*
48.85;30-50;10-50;*
13.23;10-30;10-50;*
13.49;10-30;10-50;*
54.61;50-70;50-90;*
41.71;30-50;10-50;*
55.6;50-70;50-90;*
18.26;10-30;10-50;*
37.05;30-50;10-50;*
46.04;30-50;10-50;*
42.32;30-50;10-50;*
43.67;30-50;10-50;*
51.87;50-70;50-90;*
59.96;50-70;50-90;*
43.69;30-50;10-50;*
41.61;30-50;10-50;*
72.28;70-90;50-90;*
52.03;50-70;50-90;*
41.59;30-50;10-50;*
67.54;50-70;50-90;*
43.36;30-50;10-50;*
47.26;30-50;10-50;*
58.12;50-70;50-90;*
45.01;30-50;10-50;*
12.3;10-30;10-50;*
43.53;30-50;10-50;*
43.45;30-50;10-50;*
14.61;10-30;10-50;*
44.28;30-50;10-50;*
44.42;30-50;10-50;*
53.63;50-70;50-90;*
87.51;70-90;50-90;*
40.05;30-50;10-50;*
41.98;30-50;10-50;*
44.74;30-50;10-50;*
52.35;50-70;50-90;*
36.35;30-50;10-50;*
42.06;30-50;10-50;*
39.57;30-50;10-50;*
44.56;30-50;10-50;*
55.02;50-70;50-90;*
45.56;30-50;10-50;*
10.34;10-30;10-50;*
44.13;30-50;10-50;*
49.77;30-50;10-50;*
52.54;50-70;50-90;*
16.86;10-30;10-50;*
13.14;10-30;10-50;*
39.23;30-50;10-50;*
52.12;50-70;50-90;*
55.27;50-70;50-90;*
48.31;30-50;10-50;*
14.55;10-30;10-50;*
56.14;50-70;50-90;*
51.9;50-70;50-90;*
14.21;10-30;10-50;*
40.45;30-50;10-50;*
13.83;10-30;10-50;*
39.7;30-50;10-50;*
43.88;30-50;10-50;*
33.18;30-50;10-50;*
45.6;30-50;10-50;*
49.33;30-50;10-50;*
41.29;30-50;10-50;*
34.44;30-50;10-50;*
46.05;30-50;10-50;*
50.73;50-70;50-90;*
11.56;10-30;10-50;*
31.33;30-50;10-50;*
43.7;30-50;10-50;*
46.99;30-50;10-50;*
13.92;10-30;10-50;*
52.04;50-70;50-90;*
32.83;30-50;10-50;*
47.42;30-50;10-50;*
15.02;10-30;10-50;*
12.05;10-30;10-50;*
37.57;30-50;10-50;*
46.8;30-50;10-50;*
39.66;30-50;10-50;*
45.2;30-50;10-50;*
30.33;30-50;10-50;*
14.23;10-30;10-50;*
11.4;10-30;10-50;*
46.22;30-50;10-50;*
39.82;30-50;10-50;*
40.49;30-50;10-50;*
49.75;30-50;10-50;*
14.11;10-30;10-50;*
58.4;50-70;50-90;*
55.17;50-70;50-90;*
53.03;50-70;50-90;*
44.7;30-50;10-50;*
13.81;10-30;10-50;*
47.72;30-50;10-50;*
83.74;70-90;50-90;*
64.73;50-70;50-90;*
43.18;30-50;10-50;*
44.89;30-50;10-50;*
47.15;30-50;10-50;*
49.67;30-50;10-50;*
48.07;30-50;10-50;*
44.96;30-50;10-50;*
39.59;30-50;10-50;*
41.4;30-50;10-50;*
46.79;30-50;10-50;*
36.29;30-50;10-50;*
53.26;50-70;50-90;*
34.35;30-50;10-50;*
39.92;30-50;10-50;*
40.04;30-50;10-50;*
51.93;50-70;50-90;*
56.33;50-70;50-90;*
40.34;30-50;10-50;*
48.43;30-50;10-50;*
13.77;10-30;10-50;*
12.75;10-30;10-50;*
41.08;30-50;10-50;*
41.43;30-50;10-50;*
37.32;30-50;10-50;*
31.69;30-50;10-50;*
14.68;10-30;10-50;*
50.31;50-70;50-90;*
48.6;30-50;10-50;*
41.55;30-50;10-50;*
43.01;30-50;10-50;*
33.27;30-50;10-50;*
44.86;30-50;10-50;*
46.71;30-50;10-50;*
38.43;30-50;10-50;*
45.84;30-50;10-50;*
14.53;10-30;10-50;*
39.04;30-50;10-50;*
50.48;50-70;50-90;*
42.96;30-50;10-50;*
49.83;30-50;10-50;*
59.4;50-70;50-90;*
13.87;10-30;10-50;*
10.5;10-30;10-50;*
17.32;10-30;10-50;*
12.66;10-30;10-50;*
55.28;50-70;50-90;*
36.85;30-50;10-50;*
15.73;10-30;10-50;*
36.89;30-50;10-50;*
61.77;50-70;50-90;*
38.23;30-50;10-50;*
48.46;30-50;10-50;*
68.61;50-70;50-90;*
44.37;30-50;10-50;*
43.23;30-50;10-50;*
47.23;30-50;10-50;*
13.84;10-30;10-50;*
40.64;30-50;10-50;*
14.44;10-30;10-50;*
13.21;10-30;10-50;*
44.87;30-50;10-50;*
46.44;30-50;10-50;*
45.46;30-50;10-50;*
38.62;30-50;10-50;*
43.3;30-50;10-50;*
57.7;50-70;50-90;*
53.76;50-70;50-90;*
44.02;30-50;10-50;*
41.88;30-50;10-50;*
49.49;30-50;10-50;*
27.23;10-30;10-50;*
42.42;30-50;10-50;*
47.87;30-50;10-50;*
42.79;30-50;10-50;*
40.97;30-50;10-50;*
55.37;50-70;50-90;*
42.63;30-50;10-50;*
54.04;50-70;50-90;*
11.2;10-30;10-50;*
53.13;50-70;50-90;*
58.93;50-70;50-90;*
45.09;30-50;10-50;*
46.1;30-50;10-50;*
31.98;30-50;10-50;*
47.41;30-50;10-50;*
37.28;30-50;10-50;*
14.46;10-30;10-50;*
42.56;30-50;10-50;*
14.25;10-30;10-50;*
14.59;10-30;10-50;*
51.81;50-70;50-90;*
47.25;30-50;10-50;*
44.72;30-50;10-50;*
54.89;50-70;50-90;*
41.35;30-50;10-50;*
12.32;10-30;10-50;*
48.49;30-50;10-50;*
60.12;50-70;50-90;*
36.48;30-50;10-50;*
34.62;30-50;10-50;*
46.83;30-50;10-50;*
46.89;30-50;10-50;*
63.85;50-70;50-90;*
46.21;30-50;10-50;*
57.34;50-70;50-90;*
45.02;30-50;10-50;*
13.7;10-30;10-50;*
12.37;10-30;10-50;*
12.85;10-30;10-50;*
35.79;30-50;10-50;*
52.82;50-70;50-90;*
48.91;30-50;10-50;*
13.94;10-30;10-50;*
64.18;50-70;50-90;*
46.69;30-50;10-50;*
43.08;30-50;10-50;*
38.55;30-50;10-50;*
72.89;70-90;50-90;*
11.25;10-30;10-50;*
37.33;30-50;10-50;*
48.89;30-50;10-50;*
12.0;10-30;10-50;*
45.9;30-50;10-50;*
58.22;50-70;50-90;*
44.68;30-50;10-50;*
52.11;50-70;50-90;*
12.86;10-30;10-50;*
11.9;10-30;10-50;*
45.21;30-50;10-50;*
40.82;30-50;10-50;*
41.74;30-50;10-50;*
11.55;10-30;10-50;*
50.22;50-70;50-90;*
42.03;30-50;10-50;*
68.53;50-70;50-90;*
52.98;50-70;50-90;*
13.54;10-30;10-50;*
58.8;50-70;50-90;*
41.17;30-50;10-50;*
10.19;10-30;10-50;*
40.48;30-50;10-50;*
48.93;30-50;10-50;*
40.8;30-50;10-50;*
44.91;30-50;10-50;*
51.69;50-70;50-90;*
57.43;50-70;50-90;*
44.22;30-50;10-50;*
40.57;30-50;10-50;*
48.12;30-50;10-50;*
49.94;30-50;10-50;*
12.89;10-30;10-50;*
44.59;30-50;10-50;*
38.71;30-50;10-50;*
46.74;30-50;10-50;*
54.66;50-70;50-90;*
37.85;30-50;10-50;*
13.64;10-30;10-50;*
52.78;50-70;50-90;*
11.53;10-30;10-50;*
43.32;30-50;10-50;*
55.12;50-70;50-90;*
12.47;10-30;10-50;*
47.04;30-50;10-50;*
56.36;50-70;50-90;*
13.43;10-30;10-50;*
56.89;50-70;50-90;*
44.49;30-50;10-50;*
48.03;30-50;10-50;*
40.28;30-50;10-50;*
37.29;30-50;10-50;*
44.51;30-50;10-50;*
40.12;30-50;10-50;*
31.66;30-50;10-50;*
49.71;30-50;10-50;*
43.1;30-50;10-50;*
51.57;50-70;50-90;*
44.78;30-50;10-50;*
12.73;10-30;10-50;*
49.12;30-50;10-50;*
48.95;30-50;10-50;*
45.18;30-50;10-50;*
38.65;30-50;10-50;*
20.39;10-30;10-50;*
55.96;50-70;50-90;*
43.38;30-50;10-50;*
47.81;30-50;10-50;*
48.73;30-50;10-50;*
35.89;30-50;10-50;*
37.89;30-50;10-50;*
43.87;30-50;10-50;*
69.55;50-70;50-90;*
13.03;10-30;10-50;*
45.96;30-50;10-50;*
46.27;30-50;10-50;*
45.38;30-50;10-50;*
47.49;30-50;10-50;*
13.68;10-30;10-50;*
55.76;50-70;50-90;*
11.95;10-30;10-50;*
56.85;50-70;50-90;*
54.85;50-70;50-90;*
55.99;50-70;50-90;*
65.45;50-70;50-90;*
50.44;50-70;50-90;*
35.78;30-50;10-50;*
43.56;30-50;10-50;*
47.77;30-50;10-50;*
11.38;10-30;10-50;*
47.55;30-50;10-50;*
41.46;30-50;10-50;*
54.34;50-70;50-90;*
39.34;30-50;10-50;*
45.68;30-50;10-50;*
47.4;30-50;10-50;*
48.25;30-50;10-50;*
54.16;50-70;50-90;*
14.81;10-30;10-50;*
46.95;30-50;10-50;*
50.03;50-70;50-90;*
51.46;50-70;50-90;*
50.97;50-70;50-90;*
46.96;30-50;10-50;*
58.75;50-70;50-90;*
38.47;30-50;10-50;*
52.15;50-70;50-90;*
48.11;30-50;10-50;*
38.87;30-50;10-50;*
45.85;30-50;10-50;*
50.46;50-70;50-90;*
12.03;10-30;10-50;*
37.92;30-50;10-50;*
46.57;30-50;10-50;*
47.28;30-50;10-50;*
39.96;30-50;10-50;*
12.71;10-30;10-50;*
12.64;10-30;10-50;*
59.15;50-70;50-90;*
48.17;30-50;10-50;*
50.42;50-70;50-90;*
13.96;10-30;10-50;*
51.67;50-70;50-90;*
51.8;50-70;50-90;*
55.24;50-70;50-90;*
13.15;10-30;10-50;*
62.19;50-70;50-90;*
47.27;30-50;10-50;*
42.39;30-50;10-50;*
45.23;30-50;10-50;*
14.54;10-30;10-50;*
50.74;50-70;50-90;*
40.41;30-50;10-50;*
38.98;30-50;10-50;*
39.24;30-50;10-50;*
41.38;30-50;10-50;*
50.91;50-70;50-90;*
53.97;50-70;50-90;*
52.62;50-70;50-90;*
49.98;30-50;10-50;*
52.96;50-70;50-90;*
45.97;30-50;10-50;*
42.34;30-50;10-50;*
44.88;30-50;10-50;*
54.88;50-70;50-90;*
40.78;30-50;10-50;*
38.34;30-50;10-50;*
50.49;50-70;50-90;*
42.53;30-50;10-50;*
50.66;50-70;50-90;*
47.59;30-50;10-50;*
37.25;30-50;10-50;*
46.77;30-50;10-50;*
41.54;30-50;10-50;*
11.94;10-30;10-50;*
51.51;50-70;50-90;*
42.14;30-50;10-50;*
14.27;10-30;10-50;*
46.97;30-50;10-50;*
52.56;50-70;50-90;*
41.11;30-50;10-50;*
53.07;50-70;50-90;*
47.12;30-50;10-50;*
53.66;50-70;50-90;*
43.19;30-50;10-50;*
51.35;50-70;50-90;*
45.4;30-50;10-50;*
41.82;30-50;10-50;*
58.23;50-70;50-90;*
48.18;30-50;10-50;*
41.72;30-50;10-50;*
51.08;50-70;50-90;*
46.2;30-50;10-50;*
52.52;50-70;50-90;*
55.57;50-70;50-90;*
16.57;10-30;10-50;*
57.07;50-70;50-90;*
46.03;30-50;10-50;*
36.57;30-50;10-50;*
45.81;30-50;10-50;*
42.18;30-50;10-50;*
44.31;30-50;10-50;*
40.32;30-50;10-50;*
39.08;30-50;10-50;*
12.13;10-30;10-50;*
64.49;50-70;50-90;*
50.47;50-70;50-90;*
53.27;50-70;50-90;*
48.7;30-50;10-50;*
55.65;50-70;50-90;*
13.22;10-30;10-50;*
53.23;50-70;50-90;*
54.82;50-70;50-90;*
48.34;30-50;10-50;*
45.94;30-50;10-50;*
63.15;50-70;50-90;*
12.74;10-30;10-50;*
50.57;50-70;50-90;*
69.32;50-70;50-90;*
46.85;30-50;10-50;*
52.7;50-70;50-90;*
12.58;10-30;10-50;*
38.78;30-50;10-50;*
44.69;30-50;10-50;*
44.03;30-50;10-50;*
53.4;50-70;50-90;*
50.94;50-70;50-90;*
40.24;30-50;10-50;*
42.04;30-50;10-50;*
48.44;30-50;10-50;*
12.92;10-30;10-50;*
46.9;30-50;10-50;*
14.04;10-30;10-50;*
63.55;50-70;50-90;*
45.14;30-50;10-50;*
42.94;30-50;10-50;*
45.49;30-50;10-50;*
14.29;10-30;10-50;*
13.82;10-30;10-50;*
53.84;50-70;50-90;*
46.58;30-50;10-50;*
46.7;30-50;10-50;*
40.87;30-50;10-50;*
43.03;30-50;10-50;*
51.1;50-70;50-90;*
41.62;30-50;10-50;*
12.62;10-30;10-50;*
44.77;30-50;10-50;*
53.64;50-70;50-90;*
37.06;30-50;10-50;*
12.91;10-30;10-50;*
68.0;50-70;50-90;*
51.78;50-70;50-90;*
53.45;50-70;50-90;*
33.54;30-50;10-50;*
48.78;30-50;10-50;*
55.87;50-70;50-90;*
46.16;30-50;10-50;*
42.81;30-50;10-50;*
10.4;10-30;10-50;*
48.38;30-50;10-50;*
47.09;30-50;10-50;*
49.01;30-50;10-50;*
45.0;30-50;10-50;*
43.28;30-50;10-50;*
51.23;50-70;50-90;*
47.43;30-50;10-50;*
46.91;30-50;10-50;*
13.73;10-30;10-50;*
58.1;50-70;50-90;*
12.12;10-30;10-50;*
39.19;30-50;10-50;*
51.91;50-70;50-90;*
45.88;30-50;10-50;*
58.5;50-70;50-90;*
58.0;50-70;50-90;*
48.35;30-50;10-50;*
60.18;50-70;50-90;*
46.36;30-50;10-50;*
56.81;50-70;50-90;*
14.24;10-30;10-50;*
48.26;30-50;10-50;*
48.66;30-50;10-50;*
14.12;10-30;10-50;*
52.63;50-70;50-90;*
39.39;30-50;10-50;*
40.51;30-50;10-50;*
58.97;50-70;50-90;*
13.11;10-30;10-50;*
48.75;30-50;10-50;*
50.45;50-70;50-90;*
45.69;30-50;10-50;*
67.39;50-70;50-90;*
50.76;50-70;50-90;*
50.25;50-70;50-90;*
44.92;30-50;10-50;*
58.32;50-70;50-90;*
61.33;50-70;50-90;*
56.4;50-70;50-90;*
45.92;30-50;10-50;*
44.36;30-50;10-50;*
48.21;30-50;10-50;*
55.33;50-70;50-90;*
11.09;10-30;10-50;*
13.44;10-30;10-50;*
12.63;10-30;10-50;*
56.35;50-70;50-90;*
44.65;30-50;10-50;*
39.63;30-50;10-50;*
44.97;30-50;10-50;*
42.68;30-50;10-50;*
49.02;30-50;10-50;*
48.98;30-50;10-50;*
55.41;50-70;50-90;*
40.84;30-50;10-50;*
11.1;10-30;10-50;*
39.89;30-50;10-50;*
43.55;30-50;10-50;*
45.11;30-50;10-50;*
55.58;50-70;50-90;*
40.88;30-50;10-50;*
45.42;30-50;10-50;*
52.23;50-70;50-90;*
42.43;30-50;10-50;*
42.85;30-50;10-50;*
50.41;50-70;50-90;*
61.92;50-70;50-90;*
50.83;50-70;50-90;*
53.01;50-70;50-90;*
50.05;50-70;50-90;*
53.28;50-70;50-90;*
55.38;50-70;50-90;*
40.26;30-50;10-50;*
13.97;10-30;10-50;*
44.04;30-50;10-50;*
43.37;30-50;10-50;*
57.32;50-70;50-90;*
44.79;30-50;10-50;*
53.5;50-70;50-90;*
52.55;50-70;50-90;*
32.79;30-50;10-50;*
13.09;10-30;10-50;*
41.22;30-50;10-50;*
63.29;50-70;50-90;*
58.95;50-70;50-90;*
40.94;30-50;10-50;*
53.2;50-70;50-90;*
12.93;10-30;10-50;*
47.24;30-50;10-50;*
43.68;30-50;10-50;*
11.93;10-30;10-50;*
50.0;50-70;50-90;*
49.03;30-50;10-50;*
53.77;50-70;50-90;*
15.37;10-30;10-50;*
43.33;30-50;10-50;*
57.02;50-70;50-90;*
47.75;30-50;10-50;*
46.13;30-50;10-50;*
49.72;30-50;10-50;*
53.88;50-70;50-90;*
49.4;30-50;10-50;*
53.79;50-70;50-90;*
53.57;50-70;50-90;*
43.71;30-50;10-50;*
40.11;30-50;10-50;*
46.34;30-50;10-50;*
12.22;10-30;10-50;*
53.16;50-70;50-90;*
54.05;50-70;50-90;*
57.16;50-70;50-90;*
53.65;50-70;50-90;*
44.19;30-50;10-50;*
47.67;30-50;10-50;*
56.21;50-70;50-90;*
48.65;30-50;10-50;*
48.59;30-50;10-50;*
64.36;50-70;50-90;*
14.36;10-30;10-50;*
13.34;10-30;10-50;*
49.47;30-50;10-50;*
45.31;30-50;10-50;*
51.05;50-70;50-90;*
45.58;30-50;10-50;*
43.62;30-50;10-50;*
52.2;50-70;50-90;*
64.31;50-70;50-90;*
42.36;30-50;10-50;*
42.33;30-50;10-50;*
49.08;30-50;10-50;*
10.91;10-30;10-50;*
11.98;10-30;10-50;*
51.27;50-70;50-90;*
56.7;50-70;50-90;*
13.46;10-30;10-50;*
47.62;30-50;10-50;*
12.5;10-30;10-50;*
56.45;50-70;50-90;*
46.59;30-50;10-50;*
50.7;50-70;50-90;*
45.25;30-50;10-50;*
57.39;50-70;50-90;*
54.53;50-70;50-90;*
45.22;30-50;10-50;*
53.12;50-70;50-90;*
42.08;30-50;10-50;*
11.99;10-30;10-50;*
46.5;30-50;10-50;*
45.71;30-50;10-50;*
46.29;30-50;10-50;*
13.93;10-30;10-50;*
62.09;50-70;50-90;*
46.11;30-50;10-50;*
48.68;30-50;10-50;*
57.14;50-70;50-90;*
12.97;10-30;10-50;*
34.26;30-50;10-50;*
10.76;10-30;10-50;*
13.39;10-30;10-50;*
47.11;30-50;10-50;*
50.85;50-70;50-90;*
12.14;10-30;10-50;*
11.74;10-30;10-50;*
51.62;50-70;50-90;*
44.25;30-50;10-50;*
46.72;30-50;10-50;*
13.01;10-30;10-50;*
10.86;10-30;10-50;*
57.68;50-70;50-90;*
42.75;30-50;10-50;*
39.21;30-50;10-50;*
63.27;50-70;50-90;*
49.11;30-50;10-50;*
12.08;10-30;10-50;*
51.45;50-70;50-90;*
47.91;30-50;10-50;*
54.81;50-70;50-90;*
75.78;70-90;50-90;*
46.88;30-50;10-50;*
48.47;30-50;10-50;*
52.8;50-70;50-90;*
12.29;10-30;10-50;*
60.03;50-70;50-90;*
48.86;30-50;10-50;*
65.91;50-70;50-90;*
49.35;30-50;10-50;*
68.47;50-70;50-90;*
49.91;30-50;10-50;*
50.82;50-70;50-90;*
43.13;30-50;10-50;*
51.19;50-70;50-90;*
49.36;30-50;10-50;*
49.65;30-50;10-50;*
11.47;10-30;10-50;*
48.4;30-50;10-50;*
41.44;30-50;10-50;*
50.9;50-70;50-90;*
56.49;50-70;50-90;*
47.57;30-50;10-50;*
47.83;30-50;10-50;*
56.87;50-70;50-90;*
45.95;30-50;10-50;*
42.98;30-50;10-50;*
49.26;30-50;10-50;*
49.29;30-50;10-50;*
49.3;30-50;10-50;*
46.14;30-50;10-50;*
12.6;10-30;10-50;*
67.92;50-70;50-90;*
48.51;30-50;10-50;*
46.75;30-50;10-50;*
61.11;50-70;50-90;*
13.88;10-30;10-50;*
48.01;30-50;10-50;*
51.17;50-70;50-90;*
50.54;50-70;50-90;*
62.72;50-70;50-90;*
43.48;30-50;10-50;*
67.27;50-70;50-90;*
50.61;50-70;50-90;*
45.61;30-50;10-50;*
10.62;10-30;10-50;*
48.32;30-50;10-50;*
11.44;10-30;10-50;*
49.24;30-50;10-50;*
64.56;50-70;50-90;*
46.98;30-50;10-50;*
34.81;30-50;10-50;*
64.7;50-70;50-90;*
79.46;70-90;50-90;*
51.98;50-70;50-90;*
51.59;50-70;50-90;*
51.7;50-70;50-90;*
45.41;30-50;10-50;*
47.22;30-50;10-50;*
50.4;50-70;50-90;*
56.18;50-70;50-90;*
51.52;50-70;50-90;*
61.31;50-70;50-90;*
12.68;10-30;10-50;*
45.64;30-50;10-50;*
12.33;10-30;10-50;*
47.53;30-50;10-50;*
46.6;30-50;10-50;*
54.35;50-70;50-90;*
49.99;30-50;10-50;*
51.32;50-70;50-90;*
43.84;30-50;10-50;*
34.46;30-50;10-50;*
49.5;30-50;10-50;*
56.83;50-70;50-90;*
52.27;50-70;50-90;*
49.52;30-50;10-50;*
52.24;50-70;50-90;*
59.06;50-70;50-90;*
10.6;10-30;10-50;*
57.1;50-70;50-90;*
12.94;10-30;10-50;*
64.52;50-70;50-90;*
53.9;50-70;50-90;*
49.79;30-50;10-50;*
56.91;50-70;50-90;*
48.9;30-50;10-50;*
57.84;50-70;50-90;*
42.16;30-50;10-50;*
42.97;30-50;10-50;*
48.56;30-50;10-50;*
45.32;30-50;10-50;*
65.59;50-70;50-90;*
39.16;30-50;10-50;*
65.36;50-70;50-90;*
59.7;50-70;50-90;*
70.96;70-90;50-90;*
44.35;30-50;10-50;*
66.36;50-70;50-90;*
53.35;50-70;50-90;*
51.71;50-70;50-90;*
35.76;30-50;10-50;*
13.47;10-30;10-50;*
61.79;50-70;50-90;*
56.15;50-70;50-90;*
54.6;50-70;50-90;*
51.56;50-70;50-90;*
57.9;50-70;50-90;*
13.45;10-30;10-50;*
53.18;50-70;50-90;*
44.21;30-50;10-50;*
54.03;50-70;50-90;*
48.22;30-50;10-50;*
47.36;30-50;10-50;*
49.68;30-50;10-50;*
12.96;10-30;10-50;*
12.99;10-30;10-50;*
49.22;30-50;10-50;*
49.32;30-50;10-50;*
52.44;50-70;50-90;*
55.34;50-70;50-90;*
51.0;50-70;50-90;*
51.26;50-70;50-90;*
44.57;30-50;10-50;*
53.0;50-70;50-90;*
11.97;10-30;10-50;*
53.11;50-70;50-90;*
45.45;30-50;10-50;*
42.29;30-50;10-50;*
58.78;50-70;50-90;*
11.36;10-30;10-50;*
47.14;30-50;10-50;*
47.21;30-50;10-50;*
40.98;30-50;10-50;*
43.65;30-50;10-50;*
10.69;10-30;10-50;*
50.88;50-70;50-90;*
57.41;50-70;50-90;*
42.66;30-50;10-50;*
47.46;30-50;10-50;*
56.55;50-70;50-90;*
43.98;30-50;10-50;*
51.09;50-70;50-90;*
54.3;50-70;50-90;*
11.05;10-30;10-50;*
53.06;50-70;50-90;*
52.51;50-70;50-90;*
59.11;50-70;50-90;*
59.92;50-70;50-90;*
12.67;10-30;10-50;*
41.84;30-50;10-50;*
11.69;10-30;10-50;*
49.45;30-50;10-50;*
47.93;30-50;10-50;*
58.13;50-70;50-90;*
45.3;30-50;10-50;*
47.51;30-50;10-50;*
12.98;10-30;10-50;*
41.57;30-50;10-50;*
52.48;50-70;50-90;*
56.39;50-70;50-90;*
62.88;50-70;50-90;*
39.81;30-50;10-50;*
63.82;50-70;50-90;*
46.53;30-50;10-50;*
45.57;30-50;10-50;*
62.81;50-70;50-90;*
57.95;50-70;50-90;*
52.45;50-70;50-90;*
91.82;90-110;90-130;*
46.43;30-50;10-50;*
53.61;50-70;50-90;*
13.04;10-30;10-50;*
59.45;50-70;50-90;*
66.37;50-70;50-90;*
58.73;50-70;50-90;*
42.01;30-50;10-50;*
48.27;30-50;10-50;*
44.66;30-50;10-50;*
11.51;10-30;10-50;*
46.63;30-50;10-50;*
53.34;50-70;50-90;*
62.8;50-70;50-90;*
47.35;30-50;10-50;*
72.03;70-90;50-90;*
54.97;50-70;50-90;*
51.55;50-70;50-90;*
45.47;30-50;10-50;*
13.1;10-30;10-50;*
81.73;70-90;50-90;*
54.15;50-70;50-90;*
52.68;50-70;50-90;*
48.09;30-50;10-50;*
59.33;50-70;50-90;*
40.65;30-50;10-50;*
49.88;30-50;10-50;*
51.58;50-70;50-90;*
12.1;10-30;10-50;*
46.4;30-50;10-50;*
56.24;50-70;50-90;*
50.33;50-70;50-90;*
47.18;30-50;10-50;*
10.14;10-30;10-50;*
52.9;50-70;50-90;*
56.8;50-70;50-90;*
43.46;30-50;10-50;*
57.45;50-70;50-90;*
46.38;30-50;10-50;*
54.63;50-70;50-90;*
46.66;30-50;10-50;*
39.26;30-50;10-50;*
12.48;10-30;10-50;*
12.36;10-30;10-50;*
10.89;10-30;10-50;*
14.13;10-30;10-50;*
42.41;30-50;10-50;*
42.07;30-50;10-50;*
54.93;50-70;50-90;*
43.72;30-50;10-50;*
13.07;10-30;10-50;*
46.55;30-50;10-50;*
13.28;10-30;10-50;*
50.04;50-70;50-90;*
95.22;90-110;90-130;*
54.98;50-70;50-90;*
54.68;50-70;50-90;*
57.62;50-70;50-90;*
38.12;30-50;10-50;*
54.43;50-70;50-90;*
54.38;50-70;50-90;*
43.27;30-50;10-50;*
61.04;50-70;50-90;*
57.51;50-70;50-90;*
40.69;30-50;10-50;*
51.94;50-70;50-90;*
52.01;50-70;50-90;*
62.53;50-70;50-90;*
50.6;50-70;50-90;*
42.78;30-50;10-50;*
45.86;30-50;10-50;*
55.59;50-70;50-90;*
43.04;30-50;10-50;*
48.8;30-50;10-50;*
71.55;70-90;50-90;*
51.21;50-70;50-90;*
42.35;30-50;10-50;*
52.25;50-70;50-90;*
61.29;50-70;50-90;*
65.11;50-70;50-90;*
60.75;50-70;50-90;*
49.89;30-50;10-50;*
13.19;10-30;10-50;*
41.99;30-50;10-50;*
12.72;10-30;10-50;*
49.95;30-50;10-50;*
48.54;30-50;10-50;*
49.59;30-50;10-50;*
53.41;50-70;50-90;*
11.75;10-30;10-50;*
12.77;10-30;10-50;*
10.08;10-30;10-50;*
51.68;50-70;50-90;*
52.88;50-70;50-90;*
44.6;30-50;10-50;*
55.18;50-70;50-90;*
45.66;30-50;10-50;*
72.21;70-90;50-90;*
46.41;30-50;10-50;*
47.06;30-50;10-50;*
48.08;30-50;10-50;*
55.4;50-70;50-90;*
13.06;10-30;10-50;*
52.91;50-70;50-90;*
57.2;50-70;50-90;*
51.16;50-70;50-90;*
13.24;10-30;10-50;*
47.96;30-50;10-50;*
59.72;50-70;50-90;*
58.56;50-70;50-90;*
42.45;30-50;10-50;*
59.62;50-70;50-90;*
43.77;30-50;10-50;*
49.51;30-50;10-50;*
44.29;30-50;10-50;*
60.29;50-70;50-90;*
58.58;50-70;50-90;*
10.21;10-30;10-50;*
12.88;10-30;10-50;*
56.88;50-70;50-90;*
52.13;50-70;50-90;*
11.24;10-30;10-50;*
55.78;50-70;50-90;*
57.6;50-70;50-90;*
14.08;10-30;10-50;*
66.84;50-70;50-90;*
43.44;30-50;10-50;*
60.0;50-70;50-90;*
13.13;10-30;10-50;*
46.62;30-50;10-50;*
52.74;50-70;50-90;*
49.78;30-50;10-50;*
49.34;30-50;10-50;*
59.88;50-70;50-90;*
95.69;90-110;90-130;*
54.62;50-70;50-90;*
48.79;30-50;10-50;*
50.21;50-70;50-90;*
54.29;50-70;50-90;*
41.87;30-50;10-50;*
42.84;30-50;10-50;*
52.34;50-70;50-90;*
49.48;30-50;10-50;*
55.88;50-70;50-90;*
48.74;30-50;10-50;*
10.98;10-30;10-50;*
51.03;50-70;50-90;*
49.87;30-50;10-50;*
46.54;30-50;10-50;*
50.17;50-70;50-90;*
59.71;50-70;50-90;*
45.63;30-50;10-50;*
87.7;70-90;50-90;*
56.04;50-70;50-90;*
47.44;30-50;10-50;*
47.99;30-50;10-50;*
58.05;50-70;50-90;*
47.82;30-50;10-50;*
64.5;50-70;50-90;*
57.65;50-70;50-90;*
49.46;30-50;10-50;*
44.84;30-50;10-50;*
12.41;10-30;10-50;*
47.17;30-50;10-50;*
45.75;30-50;10-50;*
11.65;10-30;10-50;*
49.61;30-50;10-50;*
45.8;30-50;10-50;*
56.12;50-70;50-90;*
60.36;50-70;50-90;*
50.69;50-70;50-90;*
53.17;50-70;50-90;*
58.98;50-70;50-90;*
60.83;50-70;50-90;*
50.27;50-70;50-90;*
49.09;30-50;10-50;*
56.1;50-70;50-90;*
47.45;30-50;10-50;*
67.49;50-70;50-90;*
47.74;30-50;10-50;*
53.72;50-70;50-90;*
44.32;30-50;10-50;*
50.12;50-70;50-90;*
58.09;50-70;50-90;*
45.04;30-50;10-50;*
43.82;30-50;10-50;*
47.85;30-50;10-50;*
11.08;10-30;10-50;*
59.91;50-70;50-90;*
88.76;70-90;50-90;*
58.43;50-70;50-90;*
46.31;30-50;10-50;*
51.77;50-70;50-90;*
46.68;30-50;10-50;*
47.66;30-50;10-50;*
50.06;50-70;50-90;*
64.26;50-70;50-90;*
64.27;50-70;50-90;*
50.98;50-70;50-90;*
13.62;10-30;10-50;*
43.52;30-50;10-50;*
64.8;50-70;50-90;*
11.28;10-30;10-50;*
53.7;50-70;50-90;*
13.53;10-30;10-50;*
53.37;50-70;50-90;*
56.65;50-70;50-90;*
55.04;50-70;50-90;*
50.19;50-70;50-90;*
54.59;50-70;50-90;*
50.84;50-70;50-90;*
41.37;30-50;10-50;*
54.84;50-70;50-90;*
57.78;50-70;50-90;*
58.38;50-70;50-90;*
58.41;50-70;50-90;*
52.97;50-70;50-90;*
12.26;10-30;10-50;*
59.42;50-70;50-90;*
44.39;30-50;10-50;*
60.52;50-70;50-90;*
